Workbook
Name Score_Prediction_ABL: HOBL!$G$35
Name Score_Prediction_ABL_Active: HOBL!$G$37
Name Score_Prediction_HoBL: HOBL!$G$34
Name Score_Prediction_HoBL_Active: HOBL!$G$29
Name Score_Prediction_HoBL_ScreenOff: HOBL!$G$30
Name Score_Prediction_LAP: HOBL!$G$38
Name Score_Prediction_LVP: HOBL!$G$39
Name Score_Prediction_Standby: HOBL!$G$31
Name Score_Prediction_Talktime: HOBL!$G$33
Name Variable_Battery_Active: HOBL!$G$26
Name Variable_Battery_Available: HOBL!$G$23
Name Variable_Battery_FCC: HOBL!$G$20
Name Variable_Battery_Minimum: HOBL!#REF!
Name Variable_Battery_Standby: HOBL!$G$24

Sheet HOBL
A1: 8
A3: Scorecard | D3: Day in Life | E3: HoBL | G3: Battery Use | K3: Scenario Measurement Warnings
B4: Category | C4: Category Power | D4: "DiL" Time | E4: "System On" | F4: Weighted Power | G4: Battery Draw | H4: Energy Usage
C5: (W) | D5: (hrs) | E5: (%) | F5: (W) | G5: (%) | H5: (Whr)
B6: Standby | C6: =VLOOKUP(Classic_HoBL_Summary6[[#This Row],[Category]],Classic_Categories_Measured[[Categories]:[Category Power (W)]], 4, FALSE) -> 0 | D6: =$D$7*(Classic_HoBL_Summary6[[#This Row],["System On"]]/$E$7) -> 12.6 | E6: 0.7 | F6: =E6*C6 -> 0 | G6: =F6/F$18 -> #DIV/0! | H6: =G6*G$23 -> #DIV/0! | L6: HoBL/ABL Score | M6: Scenario | N6: Category | O6: Runs Missing | P6: Runs Required | Q6: StDv | X6: Counts Required | Y6: Data Valid | Z6: Run Count
B7: Screen Off - Totals | D7: =18*Classic_HoBL_Summary6[[#This Row],["System On"]] -> 12.6 | E7: 0.7 | F7: =SUM(F6:F6) -> 0 | G7: =SUM(G6:G6) -> #DIV/0! | H7: =SUM(H6:H6) -> #DIV/0! | L7: =IF(X7=0, "Not Required", IF(Y7 < X7, "Absent Data", "Present")) -> Absent Data | M7: facebook_1s | N7: Social | O7: =MAX(0, P7-Z7) -> 3 | P7: 3 | Q7: {=IFERROR(OFFSET(INDIRECT("Power."&M7&"!A1"),MATCH("Total Power (W)",INDIRECT("Power."&M7&"!A:A"),0)-1,MATCH("Std Dev",INDIRECT("Power."&M7&"!1:1"),0)-1),"")} | X7: =COUNTIFS(Classic_Scenarios_Measured[Scenario Weight], ">1%", Classic_Scenarios_Measured[Scenario], HOBL!M7) -> 1 | Y7: =COUNTIFS(Classic_Scenarios_Measured[Scorecard (W)], ">.001", Classic_Scenarios_Measured[Scenario], HOBL!M7) -> 0 | Z7: =MAX(0, COUNTA(INDIRECT("Power."&M7&"!B1:BA1"))-2) -> 0
B8: Web | C8: =VLOOKUP(Classic_HoBL_Summary6[[#This Row],[Category]],Classic_Categories_Measured[[Categories]:[Category Power (W)]], 4, FALSE) -> 0 | D8: =$D$17*Classic_HoBL_Summary6[[#This Row],["System On"]]/$E$17 -> 1.35 | E8: 0.075 | F8: =E8*C8 -> 0 | G8: =F8/F$18 -> #DIV/0! | H8: =G8*G$23 -> #DIV/0! | L8: =IF(X8=0, "Not Required", IF(Y8 < X8, "Absent Data", "Present")) -> Not Required | M8: instagram_1s | N8: Social | O8: =MAX(0, P8-Z8) -> 0 | P8: 0 | Q8: {=IFERROR(OFFSET(INDIRECT("Power."&M8&"!A1"),MATCH("Total Power (W)",INDIRECT("Power."&M8&"!A:A"),0)-1,MATCH("Std Dev",INDIRECT("Power."&M8&"!1:1"),0)-1),"")} | X8: =COUNTIFS(Classic_Scenarios_Measured[Scenario Weight], ">1%", Classic_Scenarios_Measured[Scenario], HOBL!M8) -> 0 | Y8: =COUNTIFS(Classic_Scenarios_Measured[Scorecard (W)], ">.001", Classic_Scenarios_Measured[Scenario], HOBL!M8) -> 0 | Z8: =MAX(0, COUNTA(INDIRECT("Power."&M8&"!B1:BA1"))-2) -> 0
B9: Productivity | C9: =VLOOKUP(Classic_HoBL_Summary6[[#This Row],[Category]],Classic_Categories_Measured[[Categories]:[Category Power (W)]], 4, FALSE) -> 0 | D9: =$D$17*Classic_HoBL_Summary6[[#This Row],["System On"]]/$E$17 -> 0.81 | E9: 0.045 | F9: =E9*C9 -> 0 | G9: =F9/F$18 -> #DIV/0! | H9: =G9*G$23 -> #DIV/0! | L9: =IF(X9=0, "Not Required", IF(Y9 < X9, "Absent Data", "Present")) -> Absent Data | M9: instagram_2s | N9: Social | O9: =MAX(0, P9-Z9) -> 3 | P9: 3 | Q9: {=IFERROR(OFFSET(INDIRECT("Power."&M9&"!A1"),MATCH("Total Power (W)",INDIRECT("Power."&M9&"!A:A"),0)-1,MATCH("Std Dev",INDIRECT("Power."&M9&"!1:1"),0)-1),"")} | X9: =COUNTIFS(Classic_Scenarios_Measured[Scenario Weight], ">1%", Classic_Scenarios_Measured[Scenario], HOBL!M9) -> 1 | Y9: =COUNTIFS(Classic_Scenarios_Measured[Scorecard (W)], ">.001", Classic_Scenarios_Measured[Scenario], HOBL!M9) -> 0 | Z9: =MAX(0, COUNTA(INDIRECT("Power."&M9&"!B1:BA1"))-2) -> 0
B10: Communication | C10: =VLOOKUP(Classic_HoBL_Summary6[[#This Row],[Category]],Classic_Categories_Measured[[Categories]:[Category Power (W)]], 4, FALSE) -> 0 | D10: =$D$17*Classic_HoBL_Summary6[[#This Row],["System On"]]/$E$17 -> 0.54 | E10: 0.03 | F10: =E10*C10 -> 0 | G10: =F10/F$18 -> #DIV/0! | H10: =G10*G$23 -> #DIV/0! | L10: =IF(X10=0, "Not Required", IF(Y10 < X10, "Absent Data", "Present")) -> Absent Data | M10: edge_1s | N10: Web | O10: =MAX(0, P10-Z10) -> 3 | P10: 3 | Q10: {=IFERROR(OFFSET(INDIRECT("Power."&M10&"!A1"),MATCH("Total Power (W)",INDIRECT("Power."&M10&"!A:A"),0)-1,MATCH("Std Dev",INDIRECT("Power."&M10&"!1:1"),0)-1),"")} | X10: =COUNTIFS(Classic_Scenarios_Measured[Scenario Weight], ">1%", Classic_Scenarios_Measured[Scenario], HOBL!M10) -> 1 | Y10: =COUNTIFS(Classic_Scenarios_Measured[Scorecard (W)], ">.001", Classic_Scenarios_Measured[Scenario], HOBL!M10) -> 0 | Z10: =MAX(0, COUNTA(INDIRECT("Power."&M10&"!B1:BA1"))-2) -> 0
B11: Gaming | C11: =VLOOKUP(Classic_HoBL_Summary6[[#This Row],[Category]],Classic_Categories_Measured[[Categories]:[Category Power (W)]], 4, FALSE) -> 0 | D11: =$D$17*Classic_HoBL_Summary6[[#This Row],["System On"]]/$E$17 -> 0.54 | E11: 0.03 | F11: =E11*C11 -> 0 | G11: =F11/F$18 -> #DIV/0! | H11: =G11*G$23 -> #DIV/0! | L11: =IF(X11=0, "Not Required", IF(Y11 < X11, "Absent Data", "Present")) -> Absent Data | M11: edge_fb_2s | N11: Web | O11: =MAX(0, P11-Z11) -> 3 | P11: 3 | Q11: {=IFERROR(OFFSET(INDIRECT("Power."&M11&"!A1"),MATCH("Total Power (W)",INDIRECT("Power."&M11&"!A:A"),0)-1,MATCH("Std Dev",INDIRECT("Power."&M11&"!1:1"),0)-1),"")} | X11: =COUNTIFS(Classic_Scenarios_Measured[Scenario Weight], ">1%", Classic_Scenarios_Measured[Scenario], HOBL!M11) -> 1 | Y11: =COUNTIFS(Classic_Scenarios_Measured[Scorecard (W)], ">.001", Classic_Scenarios_Measured[Scenario], HOBL!M11) -> 0 | Z11: =MAX(0, COUNTA(INDIRECT("Power."&M11&"!B1:BA1"))-2) -> 0
B12: Entertainment | C12: =VLOOKUP(Classic_HoBL_Summary6[[#This Row],[Category]],Classic_Categories_Measured[[Categories]:[Category Power (W)]], 4, FALSE) -> 0 | D12: =$D$17*Classic_HoBL_Summary6[[#This Row],["System On"]]/$E$17 -> 0.54 | E12: 0.03 | F12: =E12*C12 -> 0 | G12: =F12/F$18 -> #DIV/0! | H12: =G12*G$23 -> #DIV/0! | L12: =IF(X12=0, "Not Required", IF(Y12 < X12, "Absent Data", "Present")) -> Not Required | M12: chrome_1s | N12: Web | O12: =MAX(0, P12-Z12) -> 0 | P12: 0 | Q12: {=IFERROR(OFFSET(INDIRECT("Power."&M12&"!A1"),MATCH("Total Power (W)",INDIRECT("Power."&M12&"!A:A"),0)-1,MATCH("Std Dev",INDIRECT("Power."&M12&"!1:1"),0)-1),"")} | X12: =COUNTIFS(Classic_Scenarios_Measured[Scenario Weight], ">1%", Classic_Scenarios_Measured[Scenario], HOBL!M12) -> 0 | Y12: =COUNTIFS(Classic_Scenarios_Measured[Scorecard (W)], ">.001", Classic_Scenarios_Measured[Scenario], HOBL!M12) -> 0 | Z12: =MAX(0, COUNTA(INDIRECT("Power."&M12&"!B1:BA1"))-2) -> 0
B13: System | C13: =VLOOKUP(Classic_HoBL_Summary6[[#This Row],[Category]],Classic_Categories_Measured[[Categories]:[Category Power (W)]], 4, FALSE) -> 0 | D13: =$D$17*Classic_HoBL_Summary6[[#This Row],["System On"]]/$E$17 -> 0.27 | E13: 0.015 | F13: =E13*C13 -> 0 | G13: =F13/F$18 -> #DIV/0! | H13: =G13*G$23 -> #DIV/0! | L13: =IF(X13=0, "Not Required", IF(Y13 < X13, "Absent Data", "Present")) -> Not Required | M13: local_video_1s | N13: Entertainment | O13: =MAX(0, P13-Z13) -> 5 | P13: 5 | Q13: {=IFERROR(OFFSET(INDIRECT("Power."&M13&"!A1"),MATCH("Total Power (W)",INDIRECT("Power."&M13&"!A:A"),0)-1,MATCH("Std Dev",INDIRECT("Power."&M13&"!1:1"),0)-1),"")} | X13: =COUNTIFS(Classic_Scenarios_Measured[Scenario Weight], ">1%", Classic_Scenarios_Measured[Scenario], HOBL!M13) -> 0 | Y13: =COUNTIFS(Classic_Scenarios_Measured[Scorecard (W)], ">.001", Classic_Scenarios_Measured[Scenario], HOBL!M13) -> 0 | Z13: =MAX(0, COUNTA(INDIRECT("Power."&M13&"!B1:BA1"))-2) -> 0
B14: Smartphone | C14: =VLOOKUP(Classic_HoBL_Summary6[[#This Row],[Category]],Classic_Categories_Measured[[Categories]:[Category Power (W)]], 4, FALSE) -> 0 | D14: =$D$17*Classic_HoBL_Summary6[[#This Row],["System On"]]/$E$17 -> 0.27 | E14: 0.015 | F14: =E14*C14 -> 0 | G14: =F14/F$18 -> #DIV/0! | H14: =G14*G$23 -> #DIV/0! | L14: =IF(X14=0, "Not Required", IF(Y14 < X14, "Absent Data", "Present")) -> Not Required | M14: local_video_apm_1s | N14: Entertainment | O14: =MAX(0, P14-Z14) -> 0 | P14: 0 | Q14: {=IFERROR(OFFSET(INDIRECT("Power."&M14&"!A1"),MATCH("Total Power (W)",INDIRECT("Power."&M14&"!A:A"),0)-1,MATCH("Std Dev",INDIRECT("Power."&M14&"!1:1"),0)-1),"")} | X14: =COUNTIFS(Classic_Scenarios_Measured[Scenario Weight], ">1%", Classic_Scenarios_Measured[Scenario], HOBL!M14) -> 0 | Y14: =COUNTIFS(Classic_Scenarios_Measured[Scorecard (W)], ">.001", Classic_Scenarios_Measured[Scenario], HOBL!M14) -> 0 | Z14: =MAX(0, COUNTA(INDIRECT("Power."&M14&"!B1:BA1"))-2) -> 0
B15: Social | C15: =VLOOKUP(Classic_HoBL_Summary6[[#This Row],[Category]],Classic_Categories_Measured[[Categories]:[Category Power (W)]], 4, FALSE) -> 0 | D15: =$D$17*Classic_HoBL_Summary6[[#This Row],["System On"]]/$E$17 -> 1.08 | E15: 0.06 | F15: =E15*C15 -> 0 | G15: =F15/F$18 -> #DIV/0! | H15: =G15*G$23 -> #DIV/0! | L15: =IF(X15=0, "Not Required", IF(Y15 < X15, "Absent Data", "Present")) -> Absent Data | M15: spotify_0s | N15: Entertainment | O15: =MAX(0, P15-Z15) -> 3 | P15: 3 | Q15: {=IFERROR(OFFSET(INDIRECT("Power."&M15&"!A1"),MATCH("Total Power (W)",INDIRECT("Power."&M15&"!A:A"),0)-1,MATCH("Std Dev",INDIRECT("Power."&M15&"!1:1"),0)-1),"")} | X15: =COUNTIFS(Classic_Scenarios_Measured[Scenario Weight], ">1%", Classic_Scenarios_Measured[Scenario], HOBL!M15) -> 1 | Y15: =COUNTIFS(Classic_Scenarios_Measured[Scorecard (W)], ">.001", Classic_Scenarios_Measured[Scenario], HOBL!M15) -> 0 | Z15: =MAX(0, COUNTA(INDIRECT("Power."&M15&"!B1:BA1"))-2) -> 0
B16: Idle | C16: =VLOOKUP(Classic_HoBL_Summary6[[#This Row],[Category]],Classic_Categories_Measured[[Categories]:[Category Power (W)]], 4, FALSE) -> 0 | D16: =$D$17*Classic_HoBL_Summary6[[#This Row],["System On"]]/$E$17 -> 0 | E16: 0 | F16: =E16*C16 -> 0 | G16: =F16/F$18 -> #DIV/0! | H16: =G16*G$23 -> #DIV/0! | L16: =IF(X16=0, "Not Required", IF(Y16 < X16, "Absent Data", "Present")) -> Not Required | M16: spotify_cell_0s | N16: Entertainment | O16: =MAX(0, P16-Z16) -> 0 | P16: 0 | Q16: {=IFERROR(OFFSET(INDIRECT("Power."&M16&"!A1"),MATCH("Total Power (W)",INDIRECT("Power."&M16&"!A:A"),0)-1,MATCH("Std Dev",INDIRECT("Power."&M16&"!1:1"),0)-1),"")} | X16: =COUNTIFS(Classic_Scenarios_Measured[Scenario Weight], ">1%", Classic_Scenarios_Measured[Scenario], HOBL!M16) -> 0 | Y16: =COUNTIFS(Classic_Scenarios_Measured[Scorecard (W)], ">.001", Classic_Scenarios_Measured[Scenario], HOBL!M16) -> 0 | Z16: =MAX(0, COUNTA(INDIRECT("Power."&M16&"!B1:BA1"))-2) -> 0
B17: Screen On - Totals | D17: =18*Classic_HoBL_Summary6[[#This Row],["System On"]] -> 5.4 | E17: 0.3 | F17: =SUM(F8:F16) -> 0 | G17: =SUM(G8:G16) -> #DIV/0! | H17: =SUM(H8:H16) -> #DIV/0! | L17: =IF(X17=0, "Not Required", IF(Y17 < X17, "Absent Data", "Present")) -> Not Required | M17: local_audio_0s | N17: Entertainment | O17: =MAX(0, P17-Z17) -> 0 | P17: 0 | Q17: {=IFERROR(OFFSET(INDIRECT("Power."&M17&"!A1"),MATCH("Total Power (W)",INDIRECT("Power."&M17&"!A:A"),0)-1,MATCH("Std Dev",INDIRECT("Power."&M17&"!1:1"),0)-1),"")} | X17: =COUNTIFS(Classic_Scenarios_Measured[Scenario Weight], ">1%", Classic_Scenarios_Measured[Scenario], HOBL!M17) -> 0 | Y17: =COUNTIFS(Classic_Scenarios_Measured[Scorecard (W)], ">.001", Classic_Scenarios_Measured[Scenario], HOBL!M17) -> 0 | Z17: =MAX(0, COUNTA(INDIRECT("Power."&M17&"!B1:BA1"))-2) -> 0
B18: Totals | D18: =SUM(D7,D17) -> 18 | E18: =SUM(E7,E17) -> 1 | F18: =SUM(F7,F17) -> 0 | G18: =G7+G17 -> #DIV/0! | H18: =H7+H17 -> #DIV/0! | L18: =IF(X18=0, "Not Required", IF(Y18 < X18, "Absent Data", "Present")) -> Absent Data | M18: youtube_1s | N18: Entertainment | O18: =MAX(0, P18-Z18) -> 3 | P18: 3 | Q18: {=IFERROR(OFFSET(INDIRECT("Power."&M18&"!A1"),MATCH("Total Power (W)",INDIRECT("Power."&M18&"!A:A"),0)-1,MATCH("Std Dev",INDIRECT("Power."&M18&"!1:1"),0)-1),"")} | X18: =COUNTIFS(Classic_Scenarios_Measured[Scenario Weight], ">1%", Classic_Scenarios_Measured[Scenario], HOBL!M18) -> 1 | Y18: =COUNTIFS(Classic_Scenarios_Measured[Scorecard (W)], ">.001", Classic_Scenarios_Measured[Scenario], HOBL!M18) -> 0 | Z18: =MAX(0, COUNTA(INDIRECT("Power."&M18&"!B1:BA1"))-2) -> 0
C19: Battery Minimum Charge Capacity (Wh) | G19: 13.26 | L19: =IF(X19=0, "Not Required", IF(Y19 < X19, "Absent Data", "Present")) -> Not Required | M19: youtube_cell_1s | N19: Entertainment | O19: =MAX(0, P19-Z19) -> 0 | P19: 0 | Q19: {=IFERROR(OFFSET(INDIRECT("Power."&M19&"!A1"),MATCH("Total Power (W)",INDIRECT("Power."&M19&"!A:A"),0)-1,MATCH("Std Dev",INDIRECT("Power."&M19&"!1:1"),0)-1),"")} | X19: =COUNTIFS(Classic_Scenarios_Measured[Scenario Weight], ">1%", Classic_Scenarios_Measured[Scenario], HOBL!M19) -> 0 | Y19: =COUNTIFS(Classic_Scenarios_Measured[Scorecard (W)], ">.001", Classic_Scenarios_Measured[Scenario], HOBL!M19) -> 0 | Z19: =MAX(0, COUNTA(INDIRECT("Power."&M19&"!B1:BA1"))-2) -> 0
C20: Battery Typical Charge Capacity (Wh) | G20: 13.7 | L20: =IF(X20=0, "Not Required", IF(Y20 < X20, "Absent Data", "Present")) -> Not Required | M20: video_capture_w_2s | N20: Entertainment | O20: =MAX(0, P20-Z20) -> 0 | P20: 0 | Q20: {=IFERROR(OFFSET(INDIRECT("Power."&M20&"!A1"),MATCH("Total Power (W)",INDIRECT("Power."&M20&"!A:A"),0)-1,MATCH("Std Dev",INDIRECT("Power."&M20&"!1:1"),0)-1),"")} | X20: =COUNTIFS(Classic_Scenarios_Measured[Scenario Weight], ">1%", Classic_Scenarios_Measured[Scenario], HOBL!M20) -> 0 | Y20: =COUNTIFS(Classic_Scenarios_Measured[Scorecard (W)], ">.001", Classic_Scenarios_Measured[Scenario], HOBL!M20) -> 0 | Z20: =MAX(0, COUNTA(INDIRECT("Power."&M20&"!B1:BA1"))-2) -> 0
C21: Battery Protection Cuts (Wh) | G21: =Variable_Battery_FCC*H21 -> 0 | H21: 0 | L21: =IF(X21=0, "Not Required", IF(Y21 < X21, "Absent Data", "Present")) -> Not Required | M21: video_capture_f_2s | N21: Entertainment | O21: =MAX(0, P21-Z21) -> 0 | P21: 0 | Q21: {=IFERROR(OFFSET(INDIRECT("Power."&M21&"!A1"),MATCH("Total Power (W)",INDIRECT("Power."&M21&"!A:A"),0)-1,MATCH("Std Dev",INDIRECT("Power."&M21&"!1:1"),0)-1),"")} | X21: =COUNTIFS(Classic_Scenarios_Measured[Scenario Weight], ">1%", Classic_Scenarios_Measured[Scenario], HOBL!M21) -> 0 | Y21: =COUNTIFS(Classic_Scenarios_Measured[Scorecard (W)], ">.001", Classic_Scenarios_Measured[Scenario], HOBL!M21) -> 0 | Z21: =MAX(0, COUNTA(INDIRECT("Power."&M21&"!B1:BA1"))-2) -> 0
C22: OS shutdown Reserve (Wh) | G22: =Variable_Battery_FCC*H22 -> 0.137 | H22: 0.01 | L22: =IF(X22=0, "Not Required", IF(Y22 < X22, "Absent Data", "Present")) -> Not Required | M22: photo_pre_2s | N22: Entertainment | O22: =MAX(0, P22-Z22) -> 0 | P22: 0 | Q22: {=IFERROR(OFFSET(INDIRECT("Power."&M22&"!A1"),MATCH("Total Power (W)",INDIRECT("Power."&M22&"!A:A"),0)-1,MATCH("Std Dev",INDIRECT("Power."&M22&"!1:1"),0)-1),"")} | X22: =COUNTIFS(Classic_Scenarios_Measured[Scenario Weight], ">1%", Classic_Scenarios_Measured[Scenario], HOBL!M22) -> 0 | Y22: =COUNTIFS(Classic_Scenarios_Measured[Scorecard (W)], ">.001", Classic_Scenarios_Measured[Scenario], HOBL!M22) -> 0 | Z22: =MAX(0, COUNTA(INDIRECT("Power."&M22&"!B1:BA1"))-2) -> 0
C23: Total Available Battery Capacity (Wh) | G23: =Variable_Battery_FCC-SUM(G21:G22) -> 13.563 | L23: =IF(X23=0, "Not Required", IF(Y23 < X23, "Absent Data", "Present")) -> Absent Data | M23: teams_video_1s | N23: Communication | O23: =MAX(0, P23-Z23) -> 3 | P23: 3 | Q23: {=IFERROR(OFFSET(INDIRECT("Power."&M23&"!A1"),MATCH("Total Power (W)",INDIRECT("Power."&M23&"!A:A"),0)-1,MATCH("Std Dev",INDIRECT("Power."&M23&"!1:1"),0)-1),"")} | X23: =COUNTIFS(Classic_Scenarios_Measured[Scenario Weight], ">1%", Classic_Scenarios_Measured[Scenario], HOBL!M23) -> 1 | Y23: =COUNTIFS(Classic_Scenarios_Measured[Scorecard (W)], ">.001", Classic_Scenarios_Measured[Scenario], HOBL!M23) -> 0 | Z23: =MAX(0, COUNTA(INDIRECT("Power."&M23&"!B1:BA1"))-2) -> 0
C24: Standby Budget (Wh) | G24: =H7 -> #DIV/0! | L24: =IF(X24=0, "Not Required", IF(Y24 < X24, "Absent Data", "Present")) -> Absent Data | M24: minecraft_1s | N24: Gaming | O24: =MAX(0, P24-Z24) -> 3 | P24: 3 | Q24: {=IFERROR(OFFSET(INDIRECT("Power."&M24&"!A1"),MATCH("Total Power (W)",INDIRECT("Power."&M24&"!A:A"),0)-1,MATCH("Std Dev",INDIRECT("Power."&M24&"!1:1"),0)-1),"")} | X24: =COUNTIFS(Classic_Scenarios_Measured[Scenario Weight], ">1%", Classic_Scenarios_Measured[Scenario], HOBL!M24) -> 1 | Y24: =COUNTIFS(Classic_Scenarios_Measured[Scorecard (W)], ">.001", Classic_Scenarios_Measured[Scenario], HOBL!M24) -> 0 | Z24: =MAX(0, COUNTA(INDIRECT("Power."&M24&"!B1:BA1"))-2) -> 0
L25: =IF(X25=0, "Not Required", IF(Y25 < X25, "Absent Data", "Present")) -> Absent Data | M25: abl_prod_2s | N25: Productivity | O25: =MAX(0, P25-Z25) -> 3 | P25: 3 | Q25: {=IFERROR(OFFSET(INDIRECT("Power."&M25&"!A1"),MATCH("Total Power (W)",INDIRECT("Power."&M25&"!A:A"),0)-1,MATCH("Std Dev",INDIRECT("Power."&M25&"!1:1"),0)-1),"")} | X25: =COUNTIFS(Classic_Scenarios_Measured[Scenario Weight], ">1%", Classic_Scenarios_Measured[Scenario], HOBL!M25) -> 1 | Y25: =COUNTIFS(Classic_Scenarios_Measured[Scorecard (W)], ">.001", Classic_Scenarios_Measured[Scenario], HOBL!M25) -> 0 | Z25: =MAX(0, COUNTA(INDIRECT("Power."&M25&"!B1:BA1"))-2) -> 0
C26: Available Active Battery Capacity (Wh) | G26: =G23-SUM(G24:G24) -> #DIV/0! | L26: =IF(X26=0, "Not Required", IF(Y26 < X26, "Absent Data", "Present")) -> Absent Data | M26: voice_0s | N26: Smartphone | O26: =MAX(0, P26-Z26) -> 3 | P26: 3 | Q26: {=IFERROR(OFFSET(INDIRECT("Power."&M26&"!A1"),MATCH("Total Power (W)",INDIRECT("Power."&M26&"!A:A"),0)-1,MATCH("Std Dev",INDIRECT("Power."&M26&"!1:1"),0)-1),"")} | X26: =COUNTIFS(Classic_Scenarios_Measured[Scenario Weight], ">1%", Classic_Scenarios_Measured[Scenario], HOBL!M26) -> 1 | Y26: =COUNTIFS(Classic_Scenarios_Measured[Scorecard (W)], ">.001", Classic_Scenarios_Measured[Scenario], HOBL!M26) -> 0 | Z26: =MAX(0, COUNTA(INDIRECT("Power."&M26&"!B1:BA1"))-2) -> 0
C27: Screen On burnrate (W) | G27: =F17/E17 -> 0 | L27: =IF(X27=0, "Not Required", IF(Y27 < X27, "Absent Data", "Present")) -> Absent Data | M27: sms_1s | N27: Smartphone | O27: =MAX(0, P27-Z27) -> 3 | P27: 3 | Q27: {=IFERROR(OFFSET(INDIRECT("Power."&M27&"!A1"),MATCH("Total Power (W)",INDIRECT("Power."&M27&"!A:A"),0)-1,MATCH("Std Dev",INDIRECT("Power."&M27&"!1:1"),0)-1),"")} | X27: =COUNTIFS(Classic_Scenarios_Measured[Scenario Weight], ">1%", Classic_Scenarios_Measured[Scenario], HOBL!M27) -> 1 | Y27: =COUNTIFS(Classic_Scenarios_Measured[Scorecard (W)], ">.001", Classic_Scenarios_Measured[Scenario], HOBL!M27) -> 0 | Z27: =MAX(0, COUNTA(INDIRECT("Power."&M27&"!B1:BA1"))-2) -> 0
C28: Screen Off burnrate (W) | G28: =F7/E7 -> 0 | L28: =IF(X28=0, "Not Required", IF(Y28 < X28, "Absent Data", "Present")) -> Absent Data | M28: maps_1s | N28: Smartphone | O28: =MAX(0, P28-Z28) -> 3 | P28: 3 | Q28: {=IFERROR(OFFSET(INDIRECT("Power."&M28&"!A1"),MATCH("Total Power (W)",INDIRECT("Power."&M28&"!A:A"),0)-1,MATCH("Std Dev",INDIRECT("Power."&M28&"!1:1"),0)-1),"")} | X28: =COUNTIFS(Classic_Scenarios_Measured[Scenario Weight], ">1%", Classic_Scenarios_Measured[Scenario], HOBL!M28) -> 1 | Y28: =COUNTIFS(Classic_Scenarios_Measured[Scorecard (W)], ">.001", Classic_Scenarios_Measured[Scenario], HOBL!M28) -> 0 | Z28: =MAX(0, COUNTA(INDIRECT("Power."&M28&"!B1:BA1"))-2) -> 0
C29: HOBL Active On (h) | G29: =IF(Score_Prediction_HoBL<>"-NA-", Variable_Battery_Active/G27, "-NA-") -> -NA- | L29: =IF(X29=0, "Not Required", IF(Y29 < X29, "Absent Data", "Present")) -> Absent Data | M29: os_nav_2s | N29: System | O29: =MAX(0, P29-Z29) -> 3 | P29: 3 | Q29: {=IFERROR(OFFSET(INDIRECT("Power."&M29&"!A1"),MATCH("Total Power (W)",INDIRECT("Power."&M29&"!A:A"),0)-1,MATCH("Std Dev",INDIRECT("Power."&M29&"!1:1"),0)-1),"")} | X29: =COUNTIFS(Classic_Scenarios_Measured[Scenario Weight], ">1%", Classic_Scenarios_Measured[Scenario], HOBL!M29) -> 1 | Y29: =COUNTIFS(Classic_Scenarios_Measured[Scorecard (W)], ">.001", Classic_Scenarios_Measured[Scenario], HOBL!M29) -> 0 | Z29: =MAX(0, COUNTA(INDIRECT("Power."&M29&"!B1:BA1"))-2) -> 0
C30: HOBL Screen Off (h) | G30: =IF(Score_Prediction_HoBL<>"-NA-",Variable_Battery_Standby/G28, "-NA-") -> -NA- | L30: =IF(X30=0, "Not Required", IF(Y30 < X30, "Absent Data", "Present")) -> Absent Data | M30: sspnd_app_wifi_0s | N30: Standby | O30: =MAX(0, P30-Z30) -> 5 | P30: 5 | Q30: {=IFERROR(OFFSET(INDIRECT("Power."&M30&"!A1"),MATCH("Total Power (W)",INDIRECT("Power."&M30&"!A:A"),0)-1,MATCH("Std Dev",INDIRECT("Power."&M30&"!1:1"),0)-1),"")} | X30: =COUNTIFS(Classic_Scenarios_Measured[Scenario Weight], ">1%", Classic_Scenarios_Measured[Scenario], HOBL!M30) -> 1 | Y30: =COUNTIFS(Classic_Scenarios_Measured[Scorecard (W)], ">.001", Classic_Scenarios_Measured[Scenario], HOBL!M30) -> 0 | Z30: =MAX(0, COUNTA(INDIRECT("Power."&M30&"!B1:BA1"))-2) -> 0
C31: Estimated TenApps Carrier Standby (h) | G31: {=IF(INDEX(L7:L39, MATCH("sspnd_app_cell_0s", M7:M39, 0), 0)<>"Absent Data", Variable_Battery_Minimum/VLOOKUP("sspnd_app_cell_0s",Classic_Scenarios_Measured[[Scenario]:[Posture Weighted Power & Adders (W)]], 4, FALSE), "-NA-")} -> -NA- | L31: =IF(X31=0, "Not Required", IF(Y31 < X31, "Absent Data", "Present")) -> Not Required | M31: sspnd_idl_wifi_0s | N31: Standby | O31: =MAX(0, P31-Z31) -> 0 | P31: 0 | Q31: {=IFERROR(OFFSET(INDIRECT("Power."&M31&"!A1"),MATCH("Total Power (W)",INDIRECT("Power."&M31&"!A:A"),0)-1,MATCH("Std Dev",INDIRECT("Power."&M31&"!1:1"),0)-1),"")} | X31: =COUNTIFS(Classic_Scenarios_Measured[Scenario Weight], ">1%", Classic_Scenarios_Measured[Scenario], HOBL!M31) -> 0 | Y31: =COUNTIFS(Classic_Scenarios_Measured[Scorecard (W)], ">.001", Classic_Scenarios_Measured[Scenario], HOBL!M31) -> 0 | Z31: =MAX(0, COUNTA(INDIRECT("Power."&M31&"!B1:BA1"))-2) -> 0
L32: =IF(X32=0, "Not Required", IF(Y32 < X32, "Absent Data", "Present")) -> Absent Data | M32: sspnd_app_cell_0s | N32: Standby | O32: =MAX(0, P32-Z32) -> 5 | P32: 5 | Q32: {=IFERROR(OFFSET(INDIRECT("Power."&M32&"!A1"),MATCH("Total Power (W)",INDIRECT("Power."&M32&"!A:A"),0)-1,MATCH("Std Dev",INDIRECT("Power."&M32&"!1:1"),0)-1),"")} | X32: =COUNTIFS(Classic_Scenarios_Measured[Scenario Weight], ">1%", Classic_Scenarios_Measured[Scenario], HOBL!M32) -> 1 | Y32: =COUNTIFS(Classic_Scenarios_Measured[Scorecard (W)], ">.001", Classic_Scenarios_Measured[Scenario], HOBL!M32) -> 0 | Z32: =MAX(0, COUNTA(INDIRECT("Power."&M32&"!B1:BA1"))-2) -> 0
C33: Talk Time (h) | G33: 0 | L33: =IF(X33=0, "Not Required", IF(Y33 < X33, "Absent Data", "Present")) -> Not Required | M33: sspnd_idl_cell_0s | N33: Standby | O33: =MAX(0, P33-Z33) -> 0 | P33: 0 | Q33: {=IFERROR(OFFSET(INDIRECT("Power."&M33&"!A1"),MATCH("Total Power (W)",INDIRECT("Power."&M33&"!A:A"),0)-1,MATCH("Std Dev",INDIRECT("Power."&M33&"!1:1"),0)-1),"")} | X33: =COUNTIFS(Classic_Scenarios_Measured[Scenario Weight], ">1%", Classic_Scenarios_Measured[Scenario], HOBL!M33) -> 0 | Y33: =COUNTIFS(Classic_Scenarios_Measured[Scorecard (W)], ">.001", Classic_Scenarios_Measured[Scenario], HOBL!M33) -> 0 | Z33: =MAX(0, COUNTA(INDIRECT("Power."&M33&"!B1:BA1"))-2) -> 0
C34: HOBL Lab Prediction (h) | G34: =IF(COUNTIF($L$7:$L$39, "Absent Data")>0, "-NA-", Variable_Battery_Available/F18) -> -NA- | L34: =IF(X34=0, "Not Required", IF(Y34 < X34, "Absent Data", "Present")) -> Not Required | M34: sspnd_idl_apm_0s | N34: Standby | O34: =MAX(0, P34-Z34) -> 5 | P34: 5 | Q34: {=IFERROR(OFFSET(INDIRECT("Power."&M34&"!A1"),MATCH("Total Power (W)",INDIRECT("Power."&M34&"!A:A"),0)-1,MATCH("Std Dev",INDIRECT("Power."&M34&"!1:1"),0)-1),"")} | X34: =COUNTIFS(Classic_Scenarios_Measured[Scenario Weight], ">1%", Classic_Scenarios_Measured[Scenario], HOBL!M34) -> 0 | Y34: =COUNTIFS(Classic_Scenarios_Measured[Scorecard (W)], ">.001", Classic_Scenarios_Measured[Scenario], HOBL!M34) -> 0 | Z34: =MAX(0, COUNTA(INDIRECT("Power."&M34&"!B1:BA1"))-2) -> 0
C35: ABL Lab DAQ Measurement (h) | G35: =IF(L39<>"Absent Data", Variable_Battery_Available/(VLOOKUP("abl_act_xs",Classic_Scenarios_Measured[[Scenario]:[Posture Weighted Power & Adders (W)]], 4, FALSE)*30%+G28*70%), "-NA-") -> -NA- | L35: =IF(X35=0, "Not Required", IF(Y35 < X35, "Absent Data", "Present")) -> Not Required | M35: idle_home_2s | N35: Idle | O35: =MAX(0, P35-Z35) -> 0 | P35: 0 | Q35: {=IFERROR(OFFSET(INDIRECT("Power."&M35&"!A1"),MATCH("Total Power (W)",INDIRECT("Power."&M35&"!A:A"),0)-1,MATCH("Std Dev",INDIRECT("Power."&M35&"!1:1"),0)-1),"")} | X35: =COUNTIFS(Classic_Scenarios_Measured[Scenario Weight], ">1%", Classic_Scenarios_Measured[Scenario], HOBL!M35) -> 0 | Y35: =COUNTIFS(Classic_Scenarios_Measured[Scorecard (W)], ">.001", Classic_Scenarios_Measured[Scenario], HOBL!M35) -> 0 | Z35: =MAX(0, COUNTA(INDIRECT("Power."&M35&"!B1:BA1"))-2) -> 0
L36: =IF(X36=0, "Not Required", IF(Y36 < X36, "Absent Data", "Present")) -> Not Required | M36: idle_home_cell_2s | N36: Idle | O36: =MAX(0, P36-Z36) -> 3 | P36: 3 | Q36: {=IFERROR(OFFSET(INDIRECT("Power."&M36&"!A1"),MATCH("Total Power (W)",INDIRECT("Power."&M36&"!A:A"),0)-1,MATCH("Std Dev",INDIRECT("Power."&M36&"!1:1"),0)-1),"")} | X36: =COUNTIFS(Classic_Scenarios_Measured[Scenario Weight], ">1%", Classic_Scenarios_Measured[Scenario], HOBL!M36) -> 0 | Y36: =COUNTIFS(Classic_Scenarios_Measured[Scorecard (W)], ">.001", Classic_Scenarios_Measured[Scenario], HOBL!M36) -> 0 | Z36: =MAX(0, COUNTA(INDIRECT("Power."&M36&"!B1:BA1"))-2) -> 0
C37: ABL Active On Lab DAQ Measurement (h) | G37: =IF(L39<>"Absent Data", Variable_Battery_Available/VLOOKUP("abl_act_xs",Classic_Scenarios_Measured[[Scenario]:[Posture Weighted Power & Adders (W)]], 4, FALSE),"-NA-") -> -NA- | L37: =IF(X37=0, "Not Required", IF(Y37 < X37, "Absent Data", "Present")) -> Not Required | M37: idle_home_apm_2s | N37: Idle | O37: =MAX(0, P37-Z37) -> 3 | P37: 3 | Q37: {=IFERROR(OFFSET(INDIRECT("Power."&M37&"!A1"),MATCH("Total Power (W)",INDIRECT("Power."&M37&"!A:A"),0)-1,MATCH("Std Dev",INDIRECT("Power."&M37&"!1:1"),0)-1),"")} | X37: =COUNTIFS(Classic_Scenarios_Measured[Scenario Weight], ">1%", Classic_Scenarios_Measured[Scenario], HOBL!M37) -> 0 | Y37: =COUNTIFS(Classic_Scenarios_Measured[Scorecard (W)], ">.001", Classic_Scenarios_Measured[Scenario], HOBL!M37) -> 0 | Z37: =MAX(0, COUNTA(INDIRECT("Power."&M37&"!B1:BA1"))-2) -> 0
C38: LAP (h) | G38: =IFERROR(Variable_Battery_Available/VLOOKUP("local_audio_0s",Classic_Scenarios_Measured[[Scenario]:[Posture Weighted Power & Adders (W)]], 4, FALSE), "-NA-") -> -NA- | L38: =IF(X38=0, "Not Required", IF(Y38 < X38, "Absent Data", "Present")) -> Not Required | M38: idle_home_1s | N38: Idle | O38: =MAX(0, P38-Z38) -> 0 | P38: 0 | Q38: {=IFERROR(OFFSET(INDIRECT("Power."&M38&"!A1"),MATCH("Total Power (W)",INDIRECT("Power."&M38&"!A:A"),0)-1,MATCH("Std Dev",INDIRECT("Power."&M38&"!1:1"),0)-1),"")} | X38: =COUNTIFS(Classic_Scenarios_Measured[Scenario Weight], ">1%", Classic_Scenarios_Measured[Scenario], HOBL!M38) -> 0 | Y38: =COUNTIFS(Classic_Scenarios_Measured[Scorecard (W)], ">.001", Classic_Scenarios_Measured[Scenario], HOBL!M38) -> 0 | Z38: =MAX(0, COUNTA(INDIRECT("Power."&M38&"!B1:BA1"))-2) -> 0
C39: LVP (h) | G39: =IFERROR(Variable_Battery_Available/VLOOKUP("local_video_1s",Classic_Scenarios_Measured[[Scenario]:[Posture Weighted Power & Adders (W)]], 4, FALSE), "-NA-") -> -NA- | L39: =IF(X39=0, "Not Required", IF(Y39 < X39, "Absent Data", "Present")) -> Absent Data | M39: abl_act_xs | N39: Mixed | O39: =MAX(0, P39-Z39) -> 5 | P39: 5 | Q39: {=IFERROR(OFFSET(INDIRECT("Power."&M39&"!A1"),MATCH("Total Power (W)",INDIRECT("Power."&M39&"!A:A"),0)-1,MATCH("Std Dev",INDIRECT("Power."&M39&"!1:1"),0)-1),"")} | X39: =COUNTIFS(Classic_Scenarios_Measured[Scenario Weight], ">1%", Classic_Scenarios_Measured[Scenario], HOBL!M39) -> 1 | Y39: =COUNTIFS(Classic_Scenarios_Measured[Scorecard (W)], ">.001", Classic_Scenarios_Measured[Scenario], HOBL!M39) -> 0 | Z39: =MAX(0, COUNTA(INDIRECT("Power."&M39&"!B1:BA1"))-2) -> 0
I52: Nickname | J52: Study | K52: ABL Active On | L52: ABL Active On Target | M52: HOBL | N52: HOBL Target | O52: ABL Telemetry | P52: Standby Telemetry
I53: =SUBSTITUTE(SUBSTITUTE(SUBSTITUTE(J53, "LKG_20", ""), "_CUS", ""), "_test_perf", "")
I54: =SUBSTITUTE(SUBSTITUTE(SUBSTITUTE(J54, "LKG_20", ""), "_CUS", ""), "_test_perf", "")
I55: =SUBSTITUTE(SUBSTITUTE(SUBSTITUTE(J55, "LKG_20", ""), "_CUS", ""), "_test_perf", "")
I56: =SUBSTITUTE(SUBSTITUTE(SUBSTITUTE(J56, "LKG_20", ""), "_CUS", ""), "_test_perf", "")
I57: =SUBSTITUTE(SUBSTITUTE(SUBSTITUTE(J57, "LKG_20", ""), "_CUS", ""), "_test_perf", "")
I58: =SUBSTITUTE(SUBSTITUTE(SUBSTITUTE(J58, "LKG_20", ""), "_CUS", ""), "_test_perf", "")
I59: =SUBSTITUTE(SUBSTITUTE(SUBSTITUTE(J59, "LKG_20", ""), "_CUS", ""), "_test_perf", "")
I60: =SUBSTITUTE(SUBSTITUTE(SUBSTITUTE(J60, "LKG_20", ""), "_CUS", ""), "_test_perf", "")
I61: =SUBSTITUTE(SUBSTITUTE(SUBSTITUTE(J61, "LKG_20", ""), "_CUS", ""), "_test_perf", "")
I62: =SUBSTITUTE(SUBSTITUTE(SUBSTITUTE(J62, "LKG_20", ""), "_CUS", ""), "_test_perf", "")
I63: =SUBSTITUTE(SUBSTITUTE(SUBSTITUTE(J63, "LKG_20", ""), "_CUS", ""), "_test_perf", "")
I64: =SUBSTITUTE(SUBSTITUTE(SUBSTITUTE(J64, "LKG_20", ""), "_CUS", ""), "_test_perf", "")
... I81: =SUBSTITUTE(SUBSTITUTE(SUBSTITUTE(J81, "LKG_20", ""), "_CUS", ""), "_test_perf", "")

Sheet Scenarios
A2: Input | B2: Calculated | C2: Calculated
A3: Categories | B3: Category Weight | C3: Usage Time (hrs) | D3: Category Power (W) | E3: HoBL Power (W)
A4: Web | B4: 0.075 | C4: =18*Classic_Categories_Measured[[#This Row],[Category Weight]] -> 1.35 | D4: {=SUMPRODUCT((Classic_Scenarios_Measured[Scenario Weight]*Classic_Scenarios_Measured[Posture Weighted Power & Adders (W)])*(Classic_Scenarios_Measured[Category]=Classic_Categories_Measured[[#This Row],[Categories]]))} -> 0 | E4: =Classic_Categories_Measured[[#This Row],[Category Power (W)]]*Classic_Categories_Measured[[#This Row],[Category Weight]] -> 0
A5: Productivity | B5: 0.045 | C5: =18*Classic_Categories_Measured[[#This Row],[Category Weight]] -> 0.81 | D5: {=SUMPRODUCT((Classic_Scenarios_Measured[Scenario Weight]*Classic_Scenarios_Measured[Posture Weighted Power & Adders (W)])*(Classic_Scenarios_Measured[Category]=Classic_Categories_Measured[[#This Row],[Categories]]))} -> 0 | E5: =Classic_Categories_Measured[[#This Row],[Category Power (W)]]*Classic_Categories_Measured[[#This Row],[Category Weight]] -> 0
A6: Communication | B6: 0.03 | C6: =18*Classic_Categories_Measured[[#This Row],[Category Weight]] -> 0.54 | D6: {=SUMPRODUCT((Classic_Scenarios_Measured[Scenario Weight]*Classic_Scenarios_Measured[Posture Weighted Power & Adders (W)])*(Classic_Scenarios_Measured[Category]=Classic_Categories_Measured[[#This Row],[Categories]]))} -> 0 | E6: =Classic_Categories_Measured[[#This Row],[Category Power (W)]]*Classic_Categories_Measured[[#This Row],[Category Weight]] -> 0
A7: Gaming | B7: 0.03 | C7: =18*Classic_Categories_Measured[[#This Row],[Category Weight]] -> 0.54 | D7: {=SUMPRODUCT((Classic_Scenarios_Measured[Scenario Weight]*Classic_Scenarios_Measured[Posture Weighted Power & Adders (W)])*(Classic_Scenarios_Measured[Category]=Classic_Categories_Measured[[#This Row],[Categories]]))} -> 0 | E7: =Classic_Categories_Measured[[#This Row],[Category Power (W)]]*Classic_Categories_Measured[[#This Row],[Category Weight]] -> 0
A8: Entertainment | B8: 0.03 | C8: =18*Classic_Categories_Measured[[#This Row],[Category Weight]] -> 0.54 | D8: {=SUMPRODUCT((Classic_Scenarios_Measured[Scenario Weight]*Classic_Scenarios_Measured[Posture Weighted Power & Adders (W)])*(Classic_Scenarios_Measured[Category]=Classic_Categories_Measured[[#This Row],[Categories]]))} -> 0 | E8: =Classic_Categories_Measured[[#This Row],[Category Power (W)]]*Classic_Categories_Measured[[#This Row],[Category Weight]] -> 0
A9: Social | B9: 0.06 | C9: =18*Classic_Categories_Measured[[#This Row],[Category Weight]] -> 1.08 | D9: {=SUMPRODUCT((Classic_Scenarios_Measured[Scenario Weight]*Classic_Scenarios_Measured[Posture Weighted Power & Adders (W)])*(Classic_Scenarios_Measured[Category]=Classic_Categories_Measured[[#This Row],[Categories]]))} -> 0 | E9: =Classic_Categories_Measured[[#This Row],[Category Power (W)]]*Classic_Categories_Measured[[#This Row],[Category Weight]] -> 0
A10: Smartphone | B10: 0.015 | C10: =18*Classic_Categories_Measured[[#This Row],[Category Weight]] -> 0.27 | D10: {=SUMPRODUCT((Classic_Scenarios_Measured[Scenario Weight]*Classic_Scenarios_Measured[Posture Weighted Power & Adders (W)])*(Classic_Scenarios_Measured[Category]=Classic_Categories_Measured[[#This Row],[Categories]]))} -> 0 | E10: =Classic_Categories_Measured[[#This Row],[Category Power (W)]]*Classic_Categories_Measured[[#This Row],[Category Weight]] -> 0
A11: System | B11: 0.015 | C11: =18*Classic_Categories_Measured[[#This Row],[Category Weight]] -> 0.27 | D11: {=SUMPRODUCT((Classic_Scenarios_Measured[Scenario Weight]*Classic_Scenarios_Measured[Posture Weighted Power & Adders (W)])*(Classic_Scenarios_Measured[Category]=Classic_Categories_Measured[[#This Row],[Categories]]))} -> 0 | E11: =Classic_Categories_Measured[[#This Row],[Category Power (W)]]*Classic_Categories_Measured[[#This Row],[Category Weight]] -> 0
A12: Idle | B12: 0 | C12: =18*Classic_Categories_Measured[[#This Row],[Category Weight]] -> 0 | D12: {=SUMPRODUCT((Classic_Scenarios_Measured[Scenario Weight]*Classic_Scenarios_Measured[Posture Weighted Power & Adders (W)])*(Classic_Scenarios_Measured[Category]=Classic_Categories_Measured[[#This Row],[Categories]]))} -> 0 | E12: =Classic_Categories_Measured[[#This Row],[Category Power (W)]]*Classic_Categories_Measured[[#This Row],[Category Weight]] -> 0
A13: Standby | B13: 0.7 | C13: =18*Classic_Categories_Measured[[#This Row],[Category Weight]] -> 12.6 | D13: {=SUMPRODUCT((Classic_Scenarios_Measured[Scenario Weight]*Classic_Scenarios_Measured[Posture Weighted Power & Adders (W)])*(Classic_Scenarios_Measured[Category]=Classic_Categories_Measured[[#This Row],[Categories]]))} -> 0 | E13: =Classic_Categories_Measured[[#This Row],[Category Power (W)]]*Classic_Categories_Measured[[#This Row],[Category Weight]] -> 0
A14: Mixed | B14: 0 | C14: =18*Classic_Categories_Measured[[#This Row],[Category Weight]] -> 0 | D14: {=SUMPRODUCT((Classic_Scenarios_Measured[Scenario Weight]*Classic_Scenarios_Measured[Posture Weighted Power & Adders (W)])*(Classic_Scenarios_Measured[Category]=Classic_Categories_Measured[[#This Row],[Categories]]))} -> 0 | E14: =Classic_Categories_Measured[[#This Row],[Category Power (W)]]*Classic_Categories_Measured[[#This Row],[Category Weight]] -> 0
A15: Shutdown | B15: 0 | C15: =18*Classic_Categories_Measured[[#This Row],[Category Weight]] -> 0 | D15: {=SUMPRODUCT((Classic_Scenarios_Measured[Scenario Weight]*Classic_Scenarios_Measured[Posture Weighted Power & Adders (W)])*(Classic_Scenarios_Measured[Category]=Classic_Categories_Measured[[#This Row],[Categories]]))} -> 0 | E15: =Classic_Categories_Measured[[#This Row],[Category Power (W)]]*Classic_Categories_Measured[[#This Row],[Category Weight]] -> 0
A16: Undefined | B16: 0 | C16: =18*Classic_Categories_Measured[[#This Row],[Category Weight]] -> 0 | D16: {=SUMPRODUCT((Classic_Scenarios_Measured[Scenario Weight]*Classic_Scenarios_Measured[Posture Weighted Power & Adders (W)])*(Classic_Scenarios_Measured[Category]=Classic_Categories_Measured[[#This Row],[Categories]]))} -> 0 | E16: =Classic_Categories_Measured[[#This Row],[Category Power (W)]]*Classic_Categories_Measured[[#This Row],[Category Weight]] -> 0
C17: =SUBTOTAL(109,Classic_Categories_Measured[Usage Time (hrs)]) -> 18 | E17: =SUBTOTAL(109,Classic_Categories_Measured[HoBL Power (W)]) -> 0
A20: Calculated | B20: Calculated | C20: Calculated | D20: Input | E20: Calculated | F20: Calculated | G20: Calculated | H20: Calculated | I20: Input | J20: Calculated | K20: Calculated
A21: Category Weight | B21: Category' | C21: Category | D21: Scenario | E21: Scenario Duration (hrs) | F21: Scenario Weight | G21: Posture Weighted Power & Adders (W) | H21: Adders (W) | I21: Manual Adder (W) | J21: Touch Adder (W) | K21: Scorecard (W)
A22: =IF(B22<>"",SUMIF(Classic_Scenarios_Measured[Category],Classic_Scenarios_Measured[[#This Row],[Category]],Classic_Scenarios_Measured[Scenario Weight]),"") -> 1 | B22: =IF(C22<>C21,C22,"") -> Social | C22: Social | D22: facebook_1s | E22: =_xlfn.IFNA(VLOOKUP(Classic_Scenarios_Measured[[#This Row],[Category]],Classic_Categories_Measured[],2,FALSE),"")*Classic_Scenarios_Measured[[#This Row],[Scenario Weight]] -> 0.03 | F22: 0.5 | G22: =SUM(Classic_Scenarios_Measured[[#This Row],[Adders (W)]], Classic_Scenarios_Measured[[#This Row],[Scorecard (W)]]) -> 0 | H22: =IF(Classic_Scenarios_Measured[[#This Row],[Scorecard (W)]]<>"", SUM(Classic_Scenarios_Measured[[#This Row],[Manual Adder (W)]:[Touch Adder (W)]]), "") | J22: 0.1785 | K22: =IF(OFFSET(Scorecard!$B$15, 0, MATCH(Classic_Scenarios_Measured[[#This Row],[Scenario]], Scorecard!$B$2:$BC$2,0))<>"", OFFSET(Scorecard!$B$15, 0, MATCH(Classic_Scenarios_Measured[[#This Row],[Scenario]], Scorecard!$B$2:$BC$2,0))/1000, "")
A23: =IF(B23<>"",SUMIF(Classic_Scenarios_Measured[Category],Classic_Scenarios_Measured[[#This Row],[Category]],Classic_Scenarios_Measured[Scenario Weight]),"") | B23: =IF(C23<>C22,C23,"") | C23: Social | D23: instagram_1s | E23: =_xlfn.IFNA(VLOOKUP(Classic_Scenarios_Measured[[#This Row],[Category]],Classic_Categories_Measured[],2,FALSE),"")*Classic_Scenarios_Measured[[#This Row],[Scenario Weight]] -> 0 | F23: 0 | G23: =SUM(Classic_Scenarios_Measured[[#This Row],[Adders (W)]], Classic_Scenarios_Measured[[#This Row],[Scorecard (W)]]) -> 0 | H23: =IF(Classic_Scenarios_Measured[[#This Row],[Scorecard (W)]]<>"", SUM(Classic_Scenarios_Measured[[#This Row],[Manual Adder (W)]:[Touch Adder (W)]]), "") | J23: 0.1785 | K23: =IF(OFFSET(Scorecard!$B$15, 0, MATCH(Classic_Scenarios_Measured[[#This Row],[Scenario]], Scorecard!$B$2:$BC$2,0))<>"", OFFSET(Scorecard!$B$15, 0, MATCH(Classic_Scenarios_Measured[[#This Row],[Scenario]], Scorecard!$B$2:$BC$2,0))/1000, "")
A24: =IF(B24<>"",SUMIF(Classic_Scenarios_Measured[Category],Classic_Scenarios_Measured[[#This Row],[Category]],Classic_Scenarios_Measured[Scenario Weight]),"") | B24: =IF(C24<>C23,C24,"") | C24: Social | D24: instagram_2s | E24: =_xlfn.IFNA(VLOOKUP(Classic_Scenarios_Measured[[#This Row],[Category]],Classic_Categories_Measured[],2,FALSE),"")*Classic_Scenarios_Measured[[#This Row],[Scenario Weight]] -> 0.03 | F24: 0.5 | G24: =SUM(Classic_Scenarios_Measured[[#This Row],[Adders (W)]], Classic_Scenarios_Measured[[#This Row],[Scorecard (W)]]) -> 0 | H24: =IF(Classic_Scenarios_Measured[[#This Row],[Scorecard (W)]]<>"", SUM(Classic_Scenarios_Measured[[#This Row],[Manual Adder (W)]:[Touch Adder (W)]]), "") | J24: 0.2814 | K24: =IF(OFFSET(Scorecard!$B$15, 0, MATCH(Classic_Scenarios_Measured[[#This Row],[Scenario]], Scorecard!$B$2:$BC$2,0))<>"", OFFSET(Scorecard!$B$15, 0, MATCH(Classic_Scenarios_Measured[[#This Row],[Scenario]], Scorecard!$B$2:$BC$2,0))/1000, "")
A25: =IF(B25<>"",SUMIF(Classic_Scenarios_Measured[Category],Classic_Scenarios_Measured[[#This Row],[Category]],Classic_Scenarios_Measured[Scenario Weight]),"") -> 1 | B25: =IF(C25<>C24,C25,"") -> Web | C25: Web | D25: edge_1s | E25: =_xlfn.IFNA(VLOOKUP(Classic_Scenarios_Measured[[#This Row],[Category]],Classic_Categories_Measured[],2,FALSE),"")*Classic_Scenarios_Measured[[#This Row],[Scenario Weight]] -> 0.01875 | F25: 0.25 | G25: =SUM(Classic_Scenarios_Measured[[#This Row],[Adders (W)]], Classic_Scenarios_Measured[[#This Row],[Scorecard (W)]]) -> 0 | H25: =IF(Classic_Scenarios_Measured[[#This Row],[Scorecard (W)]]<>"", SUM(Classic_Scenarios_Measured[[#This Row],[Manual Adder (W)]:[Touch Adder (W)]]), "") | J25: 0.1548 | K25: =IF(OFFSET(Scorecard!$B$15, 0, MATCH(Classic_Scenarios_Measured[[#This Row],[Scenario]], Scorecard!$B$2:$BC$2,0))<>"", OFFSET(Scorecard!$B$15, 0, MATCH(Classic_Scenarios_Measured[[#This Row],[Scenario]], Scorecard!$B$2:$BC$2,0))/1000, "")
A26: =IF(B26<>"",SUMIF(Classic_Scenarios_Measured[Category],Classic_Scenarios_Measured[[#This Row],[Category]],Classic_Scenarios_Measured[Scenario Weight]),"") | B26: =IF(C26<>C25,C26,"") | C26: Web | D26: edge_fb_2s | E26: =_xlfn.IFNA(VLOOKUP(Classic_Scenarios_Measured[[#This Row],[Category]],Classic_Categories_Measured[],2,FALSE),"")*Classic_Scenarios_Measured[[#This Row],[Scenario Weight]] -> 0.05625 | F26: 0.75 | G26: =SUM(Classic_Scenarios_Measured[[#This Row],[Adders (W)]], Classic_Scenarios_Measured[[#This Row],[Scorecard (W)]]) -> 0 | H26: =IF(Classic_Scenarios_Measured[[#This Row],[Scorecard (W)]]<>"", SUM(Classic_Scenarios_Measured[[#This Row],[Manual Adder (W)]:[Touch Adder (W)]]), "") | J26: 0.3165 | K26: =IF(OFFSET(Scorecard!$B$15, 0, MATCH(Classic_Scenarios_Measured[[#This Row],[Scenario]], Scorecard!$B$2:$BC$2,0))<>"", OFFSET(Scorecard!$B$15, 0, MATCH(Classic_Scenarios_Measured[[#This Row],[Scenario]], Scorecard!$B$2:$BC$2,0))/1000, "")
A27: =IF(B27<>"",SUMIF(Classic_Scenarios_Measured[Category],Classic_Scenarios_Measured[[#This Row],[Category]],Classic_Scenarios_Measured[Scenario Weight]),"") -> 1 | B27: =IF(C27<>C26,C27,"") -> Entertainment | C27: Entertainment | D27: local_video_1s | E27: =_xlfn.IFNA(VLOOKUP(Classic_Scenarios_Measured[[#This Row],[Category]],Classic_Categories_Measured[],2,FALSE),"")*Classic_Scenarios_Measured[[#This Row],[Scenario Weight]] -> 0 | F27: 0 | G27: =SUM(Classic_Scenarios_Measured[[#This Row],[Adders (W)]], Classic_Scenarios_Measured[[#This Row],[Scorecard (W)]]) -> 0 | H27: =IF(Classic_Scenarios_Measured[[#This Row],[Scorecard (W)]]<>"", SUM(Classic_Scenarios_Measured[[#This Row],[Manual Adder (W)]:[Touch Adder (W)]]), "") | J27: 0.0013 | K27: =IF(OFFSET(Scorecard!$B$15, 0, MATCH(Classic_Scenarios_Measured[[#This Row],[Scenario]], Scorecard!$B$2:$BC$2,0))<>"", OFFSET(Scorecard!$B$15, 0, MATCH(Classic_Scenarios_Measured[[#This Row],[Scenario]], Scorecard!$B$2:$BC$2,0))/1000, "")
A28: =IF(B28<>"",SUMIF(Classic_Scenarios_Measured[Category],Classic_Scenarios_Measured[[#This Row],[Category]],Classic_Scenarios_Measured[Scenario Weight]),"") | B28: =IF(C28<>C27,C28,"") | C28: Entertainment | D28: spotify_0s | E28: =_xlfn.IFNA(VLOOKUP(Classic_Scenarios_Measured[[#This Row],[Category]],Classic_Categories_Measured[],2,FALSE),"")*Classic_Scenarios_Measured[[#This Row],[Scenario Weight]] -> 0.006 | F28: 0.2 | G28: =SUM(Classic_Scenarios_Measured[[#This Row],[Adders (W)]], Classic_Scenarios_Measured[[#This Row],[Scorecard (W)]]) -> 0 | H28: =IF(Classic_Scenarios_Measured[[#This Row],[Scorecard (W)]]<>"", SUM(Classic_Scenarios_Measured[[#This Row],[Manual Adder (W)]:[Touch Adder (W)]]), "") | J28: 0.0013 | K28: =IF(OFFSET(Scorecard!$B$15, 0, MATCH(Classic_Scenarios_Measured[[#This Row],[Scenario]], Scorecard!$B$2:$BC$2,0))<>"", OFFSET(Scorecard!$B$15, 0, MATCH(Classic_Scenarios_Measured[[#This Row],[Scenario]], Scorecard!$B$2:$BC$2,0))/1000, "")
A29: =IF(B29<>"",SUMIF(Classic_Scenarios_Measured[Category],Classic_Scenarios_Measured[[#This Row],[Category]],Classic_Scenarios_Measured[Scenario Weight]),"") | B29: =IF(C29<>C28,C29,"") | C29: Entertainment | D29: local_audio_0s | E29: =_xlfn.IFNA(VLOOKUP(Classic_Scenarios_Measured[[#This Row],[Category]],Classic_Categories_Measured[],2,FALSE),"")*Classic_Scenarios_Measured[[#This Row],[Scenario Weight]] -> 0 | F29: 0 | G29: =SUM(Classic_Scenarios_Measured[[#This Row],[Adders (W)]], Classic_Scenarios_Measured[[#This Row],[Scorecard (W)]]) -> 0 | H29: =IF(Classic_Scenarios_Measured[[#This Row],[Scorecard (W)]]<>"", SUM(Classic_Scenarios_Measured[[#This Row],[Manual Adder (W)]:[Touch Adder (W)]]), "") | J29: 0.0013 | K29: =IF(OFFSET(Scorecard!$B$15, 0, MATCH(Classic_Scenarios_Measured[[#This Row],[Scenario]], Scorecard!$B$2:$BC$2,0))<>"", OFFSET(Scorecard!$B$15, 0, MATCH(Classic_Scenarios_Measured[[#This Row],[Scenario]], Scorecard!$B$2:$BC$2,0))/1000, "")
A30: =IF(B30<>"",SUMIF(Classic_Scenarios_Measured[Category],Classic_Scenarios_Measured[[#This Row],[Category]],Classic_Scenarios_Measured[Scenario Weight]),"") | B30: =IF(C30<>C29,C30,"") | C30: Entertainment | D30: youtube_1s | E30: =_xlfn.IFNA(VLOOKUP(Classic_Scenarios_Measured[[#This Row],[Category]],Classic_Categories_Measured[],2,FALSE),"")*Classic_Scenarios_Measured[[#This Row],[Scenario Weight]] -> 0.024 | F30: 0.8 | G30: =SUM(Classic_Scenarios_Measured[[#This Row],[Adders (W)]], Classic_Scenarios_Measured[[#This Row],[Scorecard (W)]]) -> 0 | H30: =IF(Classic_Scenarios_Measured[[#This Row],[Scorecard (W)]]<>"", SUM(Classic_Scenarios_Measured[[#This Row],[Manual Adder (W)]:[Touch Adder (W)]]), "") | J30: 0.0013 | K30: =IF(OFFSET(Scorecard!$B$15, 0, MATCH(Classic_Scenarios_Measured[[#This Row],[Scenario]], Scorecard!$B$2:$BC$2,0))<>"", OFFSET(Scorecard!$B$15, 0, MATCH(Classic_Scenarios_Measured[[#This Row],[Scenario]], Scorecard!$B$2:$BC$2,0))/1000, "")
A31: =IF(B31<>"",SUMIF(Classic_Scenarios_Measured[Category],Classic_Scenarios_Measured[[#This Row],[Category]],Classic_Scenarios_Measured[Scenario Weight]),"") | B31: =IF(C31<>C30,C31,"") | C31: Entertainment | D31: video_capture_w_2s | E31: =_xlfn.IFNA(VLOOKUP(Classic_Scenarios_Measured[[#This Row],[Category]],Classic_Categories_Measured[],2,FALSE),"")*Classic_Scenarios_Measured[[#This Row],[Scenario Weight]] -> 0 | F31: 0 | G31: =SUM(Classic_Scenarios_Measured[[#This Row],[Adders (W)]], Classic_Scenarios_Measured[[#This Row],[Scorecard (W)]]) -> 0 | H31: =IF(Classic_Scenarios_Measured[[#This Row],[Scorecard (W)]]<>"", SUM(Classic_Scenarios_Measured[[#This Row],[Manual Adder (W)]:[Touch Adder (W)]]), "") | J31: 0.0013 | K31: =IF(OFFSET(Scorecard!$B$15, 0, MATCH(Classic_Scenarios_Measured[[#This Row],[Scenario]], Scorecard!$B$2:$BC$2,0))<>"", OFFSET(Scorecard!$B$15, 0, MATCH(Classic_Scenarios_Measured[[#This Row],[Scenario]], Scorecard!$B$2:$BC$2,0))/1000, "")
A32: =IF(B32<>"",SUMIF(Classic_Scenarios_Measured[Category],Classic_Scenarios_Measured[[#This Row],[Category]],Classic_Scenarios_Measured[Scenario Weight]),"") | B32: =IF(C32<>C31,C32,"") | C32: Entertainment | D32: photo_pre_2s | E32: =_xlfn.IFNA(VLOOKUP(Classic_Scenarios_Measured[[#This Row],[Category]],Classic_Categories_Measured[],2,FALSE),"")*Classic_Scenarios_Measured[[#This Row],[Scenario Weight]] -> 0 | F32: 0 | G32: =SUM(Classic_Scenarios_Measured[[#This Row],[Adders (W)]], Classic_Scenarios_Measured[[#This Row],[Scorecard (W)]]) -> 0 | H32: =IF(Classic_Scenarios_Measured[[#This Row],[Scorecard (W)]]<>"", SUM(Classic_Scenarios_Measured[[#This Row],[Manual Adder (W)]:[Touch Adder (W)]]), "") | J32: 0.0013 | K32: =IF(OFFSET(Scorecard!$B$15, 0, MATCH(Classic_Scenarios_Measured[[#This Row],[Scenario]], Scorecard!$B$2:$BC$2,0))<>"", OFFSET(Scorecard!$B$15, 0, MATCH(Classic_Scenarios_Measured[[#This Row],[Scenario]], Scorecard!$B$2:$BC$2,0))/1000, "")
A33: =IF(B33<>"",SUMIF(Classic_Scenarios_Measured[Category],Classic_Scenarios_Measured[[#This Row],[Category]],Classic_Scenarios_Measured[Scenario Weight]),"") -> 1 | B33: =IF(C33<>C32,C33,"") -> Communication | C33: Communication | D33: teams_video_1s | E33: =_xlfn.IFNA(VLOOKUP(Classic_Scenarios_Measured[[#This Row],[Category]],Classic_Categories_Measured[],2,FALSE),"")*Classic_Scenarios_Measured[[#This Row],[Scenario Weight]] -> 0.03 | F33: 1 | G33: =SUM(Classic_Scenarios_Measured[[#This Row],[Adders (W)]], Classic_Scenarios_Measured[[#This Row],[Scorecard (W)]]) -> 0 | H33: =IF(Classic_Scenarios_Measured[[#This Row],[Scorecard (W)]]<>"", SUM(Classic_Scenarios_Measured[[#This Row],[Manual Adder (W)]:[Touch Adder (W)]]), "") | J33: 0.0131 | K33: =IF(OFFSET(Scorecard!$B$15, 0, MATCH(Classic_Scenarios_Measured[[#This Row],[Scenario]], Scorecard!$B$2:$BC$2,0))<>"", OFFSET(Scorecard!$B$15, 0, MATCH(Classic_Scenarios_Measured[[#This Row],[Scenario]], Scorecard!$B$2:$BC$2,0))/1000, "")
... A48: =IF(B48<>"",SUMIF(Classic_Scenarios_Measured[Category],Classic_Scenarios_Measured[[#This Row],[Category]],Classic_Scenarios_Measured[Scenario Weight]),"") -> 1 | B48: =IF(C48<>C47,C48,"") -> Mixed | C48: Mixed | D48: abl_act_xs | E48: =_xlfn.IFNA(VLOOKUP(Classic_Scenarios_Measured[[#This Row],[Category]],Classic_Categories_Measured[],2,FALSE),"")*Classic_Scenarios_Measured[[#This Row],[Scenario Weight]] -> 0 | F48: 1 | G48: =SUM(Classic_Scenarios_Measured[[#This Row],[Adders (W)]], Classic_Scenarios_Measured[[#This Row],[Scorecard (W)]]) -> 0 | H48: =IF(Classic_Scenarios_Measured[[#This Row],[Scorecard (W)]]<>"", SUM(Classic_Scenarios_Measured[[#This Row],[Manual Adder (W)]:[Touch Adder (W)]]), "") | J48: 0.18037995 | K48: =IF(OFFSET(Scorecard!$B$15, 0, MATCH(Classic_Scenarios_Measured[[#This Row],[Scenario]], Scorecard!$B$2:$BC$2,0))<>"", OFFSET(Scorecard!$B$15, 0, MATCH(Classic_Scenarios_Measured[[#This Row],[Scenario]], Scorecard!$B$2:$BC$2,0))/1000, "")

Sheet Touch Adder
A1: Scenario | B1: Touch Adder (W)
A2: abl_active_xs | B2: 0.216
A3: edge_1s | B3: 0.251
A4: edge_facebook_2s | B4: 0.379
A5: facebook_1s | B5: 0.287
A6: idle_home_1s | B6: 0
A7: idle_home_2s | B7: 0
A8: idle_home_apm_2s | B8: 0
A9: instagram_1s | B9: 0.287
A10: instagram_2s | B10: 0.337
A11: local_audio_0s | B11: 0
A12: local_video_1s | B12: 0.018
A13: maps_1s | B13: 0
... A30: spotify_2s | B30: 0.018

Sheet Scorecard
B1: =B2 -> abl_act_xs | D1: =D2 -> sspnd_app_cell_0s | F1: =F2 -> sspnd_app_wifi_0s | H1: =H2 -> edge_fb_2s | J1: =J2 -> edge_1s | L1: =L2 -> facebook_1s | N1: =N2 -> idle_home_2s | P1: =P2 -> instagram_1s | R1: =R2 -> instagram_2s | T1: =T2 -> local_audio_0s | V1: =V2 -> local_video_1s | X1: =X2 -> maps_1s | Z1: =Z2 -> minecraft_1s | AB1: =AB2 -> os_nav_2s | AD1: =AD2 -> photo_pre_2s | AF1: =AF2 -> abl_prod_2s | AH1: =AH2 -> sms_1s | AJ1: =AJ2 -> spotify_0s | AL1: =AL2 -> sspnd_idl_apm_0s | AN1: =AN2 -> teams_video_1s | AP1: =AP2 -> video_capture_w_2s | AR1: =AR2 -> voice_0s | AT1: =AT2 -> youtube_1s | AV1: =AV2 -> sspnd_idl_wifi_0s | AX1: =AX2 -> sspnd_idl_cell_0s | AZ1: =AZ2 -> idle_home_1s | BB1: =BB2 -> idle_home_apm_2s
A2: HoBL | B2: abl_act_xs | D2: sspnd_app_cell_0s | F2: sspnd_app_wifi_0s | H2: edge_fb_2s | J2: edge_1s | L2: facebook_1s | N2: idle_home_2s | P2: instagram_1s | R2: instagram_2s | T2: local_audio_0s | V2: local_video_1s | X2: maps_1s | Z2: minecraft_1s | AB2: os_nav_2s | AD2: photo_pre_2s | AF2: abl_prod_2s | AH2: sms_1s | AJ2: spotify_0s | AL2: sspnd_idl_apm_0s | AN2: teams_video_1s | AP2: video_capture_w_2s | AR2: voice_0s | AT2: youtube_1s | AV2: sspnd_idl_wifi_0s | AX2: sspnd_idl_cell_0s | AZ2: idle_home_1s | BB2: idle_home_apm_2s
A3: Sub-system | B3: Target | C3: Measured | D3: Target | E3: Measured | F3: Target | G3: Measured | H3: Target | I3: Measured | J3: Target | K3: Measured | L3: Target | M3: Measured | N3: Target | O3: Measured | P3: Target | Q3: Measured | R3: Target | S3: Measured | T3: Target | U3: Measured | V3: Target | W3: Measured | X3: Target | Y3: Measured | Z3: Target | AA3: Measured | AB3: Target | AC3: Measured | AD3: Target | AE3: Measured | AF3: Target | AG3: Measured | AH3: Target | AI3: Measured | AJ3: Target | AK3: Measured | AL3: Target | AM3: Measured | AN3: Target | AO3: Measured | AP3: Target | AQ3: Measured | AR3: Target | AS3: Measured | AT3: Target | AU3: Measured | AV3: Target | AW3: Measured | AX3: Target | AY3: Measured | AZ3: Target | BA3: Measured | BB3: Target | BC3: Measured
A4: SoC (mW) | B4: 475 | C4: =IFERROR(HLOOKUP(B$2,'Power Summary'!$B$1:$BS$24,MATCH($A4,'Power Summary'!$A:$A,0), FALSE), "") | D4: 20 | E4: =IFERROR(HLOOKUP(D$2,'Power Summary'!$B$1:$BS$24,MATCH($A4,'Power Summary'!$A:$A,0), FALSE), "") | F4: 21.3 | G4: =IFERROR(HLOOKUP(F$2,'Power Summary'!$B$1:$BS$24,MATCH($A4,'Power Summary'!$A:$A,0), FALSE), "") | H4: 525 | I4: =IFERROR(HLOOKUP(H$2,'Power Summary'!$B$1:$BS$24,MATCH($A4,'Power Summary'!$A:$A,0), FALSE), "") | J4: 465.5 | K4: =IFERROR(HLOOKUP(J$2,'Power Summary'!$B$1:$BS$24,MATCH($A4,'Power Summary'!$A:$A,0), FALSE), "") | L4: 350 | M4: =IFERROR(HLOOKUP(L$2,'Power Summary'!$B$1:$BS$24,MATCH($A4,'Power Summary'!$A:$A,0), FALSE), "") | N4: 110 | O4: =IFERROR(HLOOKUP(N$2,'Power Summary'!$B$1:$BS$24,MATCH($A4,'Power Summary'!$A:$A,0), FALSE), "") | P4: 360 | Q4: =IFERROR(HLOOKUP(P$2,'Power Summary'!$B$1:$BS$24,MATCH($A4,'Power Summary'!$A:$A,0), FALSE), "") | R4: 340 | S4: =IFERROR(HLOOKUP(R$2,'Power Summary'!$B$1:$BS$24,MATCH($A4,'Power Summary'!$A:$A,0), FALSE), "") | T4: 160 | U4: =IFERROR(HLOOKUP(T$2,'Power Summary'!$B$1:$BS$24,MATCH($A4,'Power Summary'!$A:$A,0), FALSE), "") | V4: 310 | W4: =IFERROR(HLOOKUP(V$2,'Power Summary'!$B$1:$BS$24,MATCH($A4,'Power Summary'!$A:$A,0), FALSE), "") | X4: 560 | Y4: =IFERROR(HLOOKUP(X$2,'Power Summary'!$B$1:$BS$24,MATCH($A4,'Power Summary'!$A:$A,0), FALSE), "") | Z4: 1400 | AA4: =IFERROR(HLOOKUP(Z$2,'Power Summary'!$B$1:$BS$24,MATCH($A4,'Power Summary'!$A:$A,0), FALSE), "") | AB4: 545 | AC4: =IFERROR(HLOOKUP(AB$2,'Power Summary'!$B$1:$BS$24,MATCH($A4,'Power Summary'!$A:$A,0), FALSE), "") | AD4: 900 | AE4: =IFERROR(HLOOKUP(AD$2,'Power Summary'!$B$1:$BS$24,MATCH($A4,'Power Summary'!$A:$A,0), FALSE), "") | AF4: 590 | AG4: =IFERROR(HLOOKUP(AF$2,'Power Summary'!$B$1:$BS$24,MATCH($A4,'Power Summary'!$A:$A,0), FALSE), "") | AH4: 430 | AI4: =IFERROR(HLOOKUP(AH$2,'Power Summary'!$B$1:$BS$24,MATCH($A4,'Power Summary'!$A:$A,0), FALSE), "") | AJ4: 175 | AK4: =IFERROR(HLOOKUP(AJ$2,'Power Summary'!$B$1:$BS$24,MATCH($A4,'Power Summary'!$A:$A,0), FALSE), "") | AL4: 13 | AM4: =IFERROR(HLOOKUP(AL$2,'Power Summary'!$B$1:$BS$24,MATCH($A4,'Power Summary'!$A:$A,0), FALSE), "") | AN4: 965 | AO4: =IFERROR(HLOOKUP(AN$2,'Power Summary'!$B$1:$BS$24,MATCH($A4,'Power Summary'!$A:$A,0), FALSE), "") | AP4: 1500 | AQ4: =IFERROR(HLOOKUP(AP$2,'Power Summary'!$B$1:$BS$24,MATCH($A4,'Power Summary'!$A:$A,0), FALSE), "") | AR4: 310 | AS4: =IFERROR(HLOOKUP(AR$2,'Power Summary'!$B$1:$BS$24,MATCH($A4,'Power Summary'!$A:$A,0), FALSE), "") | AT4: 300 | AU4: =IFERROR(HLOOKUP(AT$2,'Power Summary'!$B$1:$BS$24,MATCH($A4,'Power Summary'!$A:$A,0), FALSE), "") | AV4: 17 | AW4: =IFERROR(HLOOKUP(AV$2,'Power Summary'!$B$1:$BS$24,MATCH($A4,'Power Summary'!$A:$A,0), FALSE), "") | AX4: 25 | AY4: =IFERROR(HLOOKUP(AX$2,'Power Summary'!$B$1:$BS$24,MATCH($A4,'Power Summary'!$A:$A,0), FALSE), "") | AZ4: 110 | BA4: =IFERROR(HLOOKUP(AZ$2,'Power Summary'!$B$1:$BS$24,MATCH($A4,'Power Summary'!$A:$A,0), FALSE), "") | BB4: 45 | BC4: =IFERROR(HLOOKUP(BB$2,'Power Summary'!$B$1:$BS$24,MATCH($A4,'Power Summary'!$A:$A,0), FALSE), "")
A5: Memory (mW) | B5: 58 | C5: =IFERROR(HLOOKUP(B$2,'Power Summary'!$B$1:$BS$24,MATCH($A5,'Power Summary'!$A:$A,0), FALSE), "") | D5: 8 | E5: =IFERROR(HLOOKUP(D$2,'Power Summary'!$B$1:$BS$24,MATCH($A5,'Power Summary'!$A:$A,0), FALSE), "") | F5: 10 | G5: =IFERROR(HLOOKUP(F$2,'Power Summary'!$B$1:$BS$24,MATCH($A5,'Power Summary'!$A:$A,0), FALSE), "") | H5: 67 | I5: =IFERROR(HLOOKUP(H$2,'Power Summary'!$B$1:$BS$24,MATCH($A5,'Power Summary'!$A:$A,0), FALSE), "") | J5: 66 | K5: =IFERROR(HLOOKUP(J$2,'Power Summary'!$B$1:$BS$24,MATCH($A5,'Power Summary'!$A:$A,0), FALSE), "") | L5: 31 | M5: =IFERROR(HLOOKUP(L$2,'Power Summary'!$B$1:$BS$24,MATCH($A5,'Power Summary'!$A:$A,0), FALSE), "") | N5: 18 | O5: =IFERROR(HLOOKUP(N$2,'Power Summary'!$B$1:$BS$24,MATCH($A5,'Power Summary'!$A:$A,0), FALSE), "") | P5: 49 | Q5: =IFERROR(HLOOKUP(P$2,'Power Summary'!$B$1:$BS$24,MATCH($A5,'Power Summary'!$A:$A,0), FALSE), "") | R5: 52 | S5: =IFERROR(HLOOKUP(R$2,'Power Summary'!$B$1:$BS$24,MATCH($A5,'Power Summary'!$A:$A,0), FALSE), "") | T5: 23 | U5: =IFERROR(HLOOKUP(T$2,'Power Summary'!$B$1:$BS$24,MATCH($A5,'Power Summary'!$A:$A,0), FALSE), "") | V5: 42 | W5: =IFERROR(HLOOKUP(V$2,'Power Summary'!$B$1:$BS$24,MATCH($A5,'Power Summary'!$A:$A,0), FALSE), "") | X5: 75 | Y5: =IFERROR(HLOOKUP(X$2,'Power Summary'!$B$1:$BS$24,MATCH($A5,'Power Summary'!$A:$A,0), FALSE), "") | Z5: 320 | AA5: =IFERROR(HLOOKUP(Z$2,'Power Summary'!$B$1:$BS$24,MATCH($A5,'Power Summary'!$A:$A,0), FALSE), "") | AB5: 58 | AC5: =IFERROR(HLOOKUP(AB$2,'Power Summary'!$B$1:$BS$24,MATCH($A5,'Power Summary'!$A:$A,0), FALSE), "") | AD5: 250 | AE5: =IFERROR(HLOOKUP(AD$2,'Power Summary'!$B$1:$BS$24,MATCH($A5,'Power Summary'!$A:$A,0), FALSE), "") | AF5: 59 | AG5: =IFERROR(HLOOKUP(AF$2,'Power Summary'!$B$1:$BS$24,MATCH($A5,'Power Summary'!$A:$A,0), FALSE), "") | AH5: 48 | AI5: =IFERROR(HLOOKUP(AH$2,'Power Summary'!$B$1:$BS$24,MATCH($A5,'Power Summary'!$A:$A,0), FALSE), "") | AJ5: 25 | AK5: =IFERROR(HLOOKUP(AJ$2,'Power Summary'!$B$1:$BS$24,MATCH($A5,'Power Summary'!$A:$A,0), FALSE), "") | AL5: 8 | AM5: =IFERROR(HLOOKUP(AL$2,'Power Summary'!$B$1:$BS$24,MATCH($A5,'Power Summary'!$A:$A,0), FALSE), "") | AN5: 280 | AO5: =IFERROR(HLOOKUP(AN$2,'Power Summary'!$B$1:$BS$24,MATCH($A5,'Power Summary'!$A:$A,0), FALSE), "") | AP5: 250 | AQ5: =IFERROR(HLOOKUP(AP$2,'Power Summary'!$B$1:$BS$24,MATCH($A5,'Power Summary'!$A:$A,0), FALSE), "") | AR5: 76 | AS5: =IFERROR(HLOOKUP(AR$2,'Power Summary'!$B$1:$BS$24,MATCH($A5,'Power Summary'!$A:$A,0), FALSE), "") | AT5: 42 | AU5: =IFERROR(HLOOKUP(AT$2,'Power Summary'!$B$1:$BS$24,MATCH($A5,'Power Summary'!$A:$A,0), FALSE), "") | AV5: 9 | AW5: =IFERROR(HLOOKUP(AV$2,'Power Summary'!$B$1:$BS$24,MATCH($A5,'Power Summary'!$A:$A,0), FALSE), "") | AX5: 10 | AY5: =IFERROR(HLOOKUP(AX$2,'Power Summary'!$B$1:$BS$24,MATCH($A5,'Power Summary'!$A:$A,0), FALSE), "") | AZ5: 22 | BA5: =IFERROR(HLOOKUP(AZ$2,'Power Summary'!$B$1:$BS$24,MATCH($A5,'Power Summary'!$A:$A,0), FALSE), "") | BB5: 18 | BC5: =IFERROR(HLOOKUP(BB$2,'Power Summary'!$B$1:$BS$24,MATCH($A5,'Power Summary'!$A:$A,0), FALSE), "")
A6: Display (mW) | B6: 825.88235 | C6: =IFERROR(HLOOKUP(B$2,'Power Summary'!$B$1:$BS$24,MATCH($A6,'Power Summary'!$A:$A,0), FALSE), "") | D6: 5.5076786 | E6: =IFERROR(HLOOKUP(D$2,'Power Summary'!$B$1:$BS$24,MATCH($A6,'Power Summary'!$A:$A,0), FALSE), "") | F6: 5.5076786 | G6: =IFERROR(HLOOKUP(F$2,'Power Summary'!$B$1:$BS$24,MATCH($A6,'Power Summary'!$A:$A,0), FALSE), "") | H6: 1150.8824 | I6: =IFERROR(HLOOKUP(H$2,'Power Summary'!$B$1:$BS$24,MATCH($A6,'Power Summary'!$A:$A,0), FALSE), "") | J6: 480.29412 | K6: =IFERROR(HLOOKUP(J$2,'Power Summary'!$B$1:$BS$24,MATCH($A6,'Power Summary'!$A:$A,0), FALSE), "") | L6: 624.41176 | M6: =IFERROR(HLOOKUP(L$2,'Power Summary'!$B$1:$BS$24,MATCH($A6,'Power Summary'!$A:$A,0), FALSE), "") | N6: 798.52941 | O6: =IFERROR(HLOOKUP(N$2,'Power Summary'!$B$1:$BS$24,MATCH($A6,'Power Summary'!$A:$A,0), FALSE), "") | P6: 394.41176 | Q6: =IFERROR(HLOOKUP(P$2,'Power Summary'!$B$1:$BS$24,MATCH($A6,'Power Summary'!$A:$A,0), FALSE), "") | R6: 822.58824 | S6: =IFERROR(HLOOKUP(R$2,'Power Summary'!$B$1:$BS$24,MATCH($A6,'Power Summary'!$A:$A,0), FALSE), "") | T6: 5.5076786 | U6: =IFERROR(HLOOKUP(T$2,'Power Summary'!$B$1:$BS$24,MATCH($A6,'Power Summary'!$A:$A,0), FALSE), "") | V6: 265.88235 | W6: =IFERROR(HLOOKUP(V$2,'Power Summary'!$B$1:$BS$24,MATCH($A6,'Power Summary'!$A:$A,0), FALSE), "") | X6: 729.88235 | Y6: =IFERROR(HLOOKUP(X$2,'Power Summary'!$B$1:$BS$24,MATCH($A6,'Power Summary'!$A:$A,0), FALSE), "") | Z6: 443.15503 | AA6: =IFERROR(HLOOKUP(Z$2,'Power Summary'!$B$1:$BS$24,MATCH($A6,'Power Summary'!$A:$A,0), FALSE), "") | AB6: 770.58824 | AC6: =IFERROR(HLOOKUP(AB$2,'Power Summary'!$B$1:$BS$24,MATCH($A6,'Power Summary'!$A:$A,0), FALSE), "") | AD6: 700 | AE6: =IFERROR(HLOOKUP(AD$2,'Power Summary'!$B$1:$BS$24,MATCH($A6,'Power Summary'!$A:$A,0), FALSE), "") | AF6: 1310.6554 | AG6: =IFERROR(HLOOKUP(AF$2,'Power Summary'!$B$1:$BS$24,MATCH($A6,'Power Summary'!$A:$A,0), FALSE), "") | AH6: 309.41176 | AI6: =IFERROR(HLOOKUP(AH$2,'Power Summary'!$B$1:$BS$24,MATCH($A6,'Power Summary'!$A:$A,0), FALSE), "") | AJ6: 5.5076786 | AK6: =IFERROR(HLOOKUP(AJ$2,'Power Summary'!$B$1:$BS$24,MATCH($A6,'Power Summary'!$A:$A,0), FALSE), "") | AL6: 5.5076786 | AM6: =IFERROR(HLOOKUP(AL$2,'Power Summary'!$B$1:$BS$24,MATCH($A6,'Power Summary'!$A:$A,0), FALSE), "") | AN6: 397.41176 | AO6: =IFERROR(HLOOKUP(AN$2,'Power Summary'!$B$1:$BS$24,MATCH($A6,'Power Summary'!$A:$A,0), FALSE), "") | AP6: 700 | AQ6: =IFERROR(HLOOKUP(AP$2,'Power Summary'!$B$1:$BS$24,MATCH($A6,'Power Summary'!$A:$A,0), FALSE), "") | AR6: 0.20117647 | AS6: =IFERROR(HLOOKUP(AR$2,'Power Summary'!$B$1:$BS$24,MATCH($A6,'Power Summary'!$A:$A,0), FALSE), "") | AT6: 297.88235 | AU6: =IFERROR(HLOOKUP(AT$2,'Power Summary'!$B$1:$BS$24,MATCH($A6,'Power Summary'!$A:$A,0), FALSE), "") | AV6: 5.5076786 | AW6: =IFERROR(HLOOKUP(AV$2,'Power Summary'!$B$1:$BS$24,MATCH($A6,'Power Summary'!$A:$A,0), FALSE), "") | AX6: 5.5076786 | AY6: =IFERROR(HLOOKUP(AX$2,'Power Summary'!$B$1:$BS$24,MATCH($A6,'Power Summary'!$A:$A,0), FALSE), "") | AZ6: 401.70977 | BA6: =IFERROR(HLOOKUP(AZ$2,'Power Summary'!$B$1:$BS$24,MATCH($A6,'Power Summary'!$A:$A,0), FALSE), "") | BB6: 798.52941 | BC6: =IFERROR(HLOOKUP(BB$2,'Power Summary'!$B$1:$BS$24,MATCH($A6,'Power Summary'!$A:$A,0), FALSE), "")
A7: Audio (mW) | B7: 23.530588 | C7: =IFERROR(HLOOKUP(B$2,'Power Summary'!$B$1:$BS$24,MATCH($A7,'Power Summary'!$A:$A,0), FALSE), "") | D7: 0.0023529412 | E7: =IFERROR(HLOOKUP(D$2,'Power Summary'!$B$1:$BS$24,MATCH($A7,'Power Summary'!$A:$A,0), FALSE), "") | F7: 0.0023529412 | G7: =IFERROR(HLOOKUP(F$2,'Power Summary'!$B$1:$BS$24,MATCH($A7,'Power Summary'!$A:$A,0), FALSE), "") | H7: 35.295294 | I7: =IFERROR(HLOOKUP(H$2,'Power Summary'!$B$1:$BS$24,MATCH($A7,'Power Summary'!$A:$A,0), FALSE), "") | J7: 11.765882 | K7: =IFERROR(HLOOKUP(J$2,'Power Summary'!$B$1:$BS$24,MATCH($A7,'Power Summary'!$A:$A,0), FALSE), "") | L7: 23.530588 | M7: =IFERROR(HLOOKUP(L$2,'Power Summary'!$B$1:$BS$24,MATCH($A7,'Power Summary'!$A:$A,0), FALSE), "") | N7: 0.0023529412 | O7: =IFERROR(HLOOKUP(N$2,'Power Summary'!$B$1:$BS$24,MATCH($A7,'Power Summary'!$A:$A,0), FALSE), "") | P7: 4.7070588 | Q7: =IFERROR(HLOOKUP(P$2,'Power Summary'!$B$1:$BS$24,MATCH($A7,'Power Summary'!$A:$A,0), FALSE), "") | R7: 4.7070588 | S7: =IFERROR(HLOOKUP(R$2,'Power Summary'!$B$1:$BS$24,MATCH($A7,'Power Summary'!$A:$A,0), FALSE), "") | T7: 705.88353 | U7: =IFERROR(HLOOKUP(T$2,'Power Summary'!$B$1:$BS$24,MATCH($A7,'Power Summary'!$A:$A,0), FALSE), "") | V7: 94.118824 | W7: =IFERROR(HLOOKUP(V$2,'Power Summary'!$B$1:$BS$24,MATCH($A7,'Power Summary'!$A:$A,0), FALSE), "") | X7: 18.824706 | Y7: =IFERROR(HLOOKUP(X$2,'Power Summary'!$B$1:$BS$24,MATCH($A7,'Power Summary'!$A:$A,0), FALSE), "") | Z7: 94.118824 | AA7: =IFERROR(HLOOKUP(Z$2,'Power Summary'!$B$1:$BS$24,MATCH($A7,'Power Summary'!$A:$A,0), FALSE), "") | AB7: 35.295294 | AC7: =IFERROR(HLOOKUP(AB$2,'Power Summary'!$B$1:$BS$24,MATCH($A7,'Power Summary'!$A:$A,0), FALSE), "") | AD7: 2.3541176 | AE7: =IFERROR(HLOOKUP(AD$2,'Power Summary'!$B$1:$BS$24,MATCH($A7,'Power Summary'!$A:$A,0), FALSE), "") | AF7: 23.530588 | AG7: =IFERROR(HLOOKUP(AF$2,'Power Summary'!$B$1:$BS$24,MATCH($A7,'Power Summary'!$A:$A,0), FALSE), "") | AH7: 58.824706 | AI7: =IFERROR(HLOOKUP(AH$2,'Power Summary'!$B$1:$BS$24,MATCH($A7,'Power Summary'!$A:$A,0), FALSE), "") | AJ7: 270.58941 | AK7: =IFERROR(HLOOKUP(AJ$2,'Power Summary'!$B$1:$BS$24,MATCH($A7,'Power Summary'!$A:$A,0), FALSE), "") | AL7: 0.0023529412 | AM7: =IFERROR(HLOOKUP(AL$2,'Power Summary'!$B$1:$BS$24,MATCH($A7,'Power Summary'!$A:$A,0), FALSE), "") | AN7: 94.118824 | AO7: =IFERROR(HLOOKUP(AN$2,'Power Summary'!$B$1:$BS$24,MATCH($A7,'Power Summary'!$A:$A,0), FALSE), "") | AP7: 2.3541176 | AQ7: =IFERROR(HLOOKUP(AP$2,'Power Summary'!$B$1:$BS$24,MATCH($A7,'Power Summary'!$A:$A,0), FALSE), "") | AR7: 17.648235 | AS7: =IFERROR(HLOOKUP(AR$2,'Power Summary'!$B$1:$BS$24,MATCH($A7,'Power Summary'!$A:$A,0), FALSE), "") | AT7: 317.64824 | AU7: =IFERROR(HLOOKUP(AT$2,'Power Summary'!$B$1:$BS$24,MATCH($A7,'Power Summary'!$A:$A,0), FALSE), "") | AV7: 0.0023529412 | AW7: =IFERROR(HLOOKUP(AV$2,'Power Summary'!$B$1:$BS$24,MATCH($A7,'Power Summary'!$A:$A,0), FALSE), "") | AX7: 0.0023529412 | AY7: =IFERROR(HLOOKUP(AX$2,'Power Summary'!$B$1:$BS$24,MATCH($A7,'Power Summary'!$A:$A,0), FALSE), "") | AZ7: 0.0023529412 | BA7: =IFERROR(HLOOKUP(AZ$2,'Power Summary'!$B$1:$BS$24,MATCH($A7,'Power Summary'!$A:$A,0), FALSE), "") | BB7: 0.0023529412 | BC7: =IFERROR(HLOOKUP(BB$2,'Power Summary'!$B$1:$BS$24,MATCH($A7,'Power Summary'!$A:$A,0), FALSE), "")
A8: Touch (mW) | B8: 64 | C8: =IFERROR(HLOOKUP(B$2,'Power Summary'!$B$1:$BS$24,MATCH($A8,'Power Summary'!$A:$A,0), FALSE), "") | D8: 0.4 | E8: =IFERROR(HLOOKUP(D$2,'Power Summary'!$B$1:$BS$24,MATCH($A8,'Power Summary'!$A:$A,0), FALSE), "") | F8: 0.4 | G8: =IFERROR(HLOOKUP(F$2,'Power Summary'!$B$1:$BS$24,MATCH($A8,'Power Summary'!$A:$A,0), FALSE), "") | H8: 69 | I8: =IFERROR(HLOOKUP(H$2,'Power Summary'!$B$1:$BS$24,MATCH($A8,'Power Summary'!$A:$A,0), FALSE), "") | J8: 49 | K8: =IFERROR(HLOOKUP(J$2,'Power Summary'!$B$1:$BS$24,MATCH($A8,'Power Summary'!$A:$A,0), FALSE), "") | L8: 49 | M8: =IFERROR(HLOOKUP(L$2,'Power Summary'!$B$1:$BS$24,MATCH($A8,'Power Summary'!$A:$A,0), FALSE), "") | N8: 69 | O8: =IFERROR(HLOOKUP(N$2,'Power Summary'!$B$1:$BS$24,MATCH($A8,'Power Summary'!$A:$A,0), FALSE), "") | P8: 49 | Q8: =IFERROR(HLOOKUP(P$2,'Power Summary'!$B$1:$BS$24,MATCH($A8,'Power Summary'!$A:$A,0), FALSE), "") | R8: 69 | S8: =IFERROR(HLOOKUP(R$2,'Power Summary'!$B$1:$BS$24,MATCH($A8,'Power Summary'!$A:$A,0), FALSE), "") | T8: 0.4 | U8: =IFERROR(HLOOKUP(T$2,'Power Summary'!$B$1:$BS$24,MATCH($A8,'Power Summary'!$A:$A,0), FALSE), "") | V8: 49 | W8: =IFERROR(HLOOKUP(V$2,'Power Summary'!$B$1:$BS$24,MATCH($A8,'Power Summary'!$A:$A,0), FALSE), "") | X8: 69 | Y8: =IFERROR(HLOOKUP(X$2,'Power Summary'!$B$1:$BS$24,MATCH($A8,'Power Summary'!$A:$A,0), FALSE), "") | Z8: 49 | AA8: =IFERROR(HLOOKUP(Z$2,'Power Summary'!$B$1:$BS$24,MATCH($A8,'Power Summary'!$A:$A,0), FALSE), "") | AB8: 69 | AC8: =IFERROR(HLOOKUP(AB$2,'Power Summary'!$B$1:$BS$24,MATCH($A8,'Power Summary'!$A:$A,0), FALSE), "") | AD8: 69 | AE8: =IFERROR(HLOOKUP(AD$2,'Power Summary'!$B$1:$BS$24,MATCH($A8,'Power Summary'!$A:$A,0), FALSE), "") | AF8: 69 | AG8: =IFERROR(HLOOKUP(AF$2,'Power Summary'!$B$1:$BS$24,MATCH($A8,'Power Summary'!$A:$A,0), FALSE), "") | AH8: 49 | AI8: =IFERROR(HLOOKUP(AH$2,'Power Summary'!$B$1:$BS$24,MATCH($A8,'Power Summary'!$A:$A,0), FALSE), "") | AJ8: 0.4 | AK8: =IFERROR(HLOOKUP(AJ$2,'Power Summary'!$B$1:$BS$24,MATCH($A8,'Power Summary'!$A:$A,0), FALSE), "") | AL8: 0.4 | AM8: =IFERROR(HLOOKUP(AL$2,'Power Summary'!$B$1:$BS$24,MATCH($A8,'Power Summary'!$A:$A,0), FALSE), "") | AN8: 49 | AO8: =IFERROR(HLOOKUP(AN$2,'Power Summary'!$B$1:$BS$24,MATCH($A8,'Power Summary'!$A:$A,0), FALSE), "") | AP8: 69 | AQ8: =IFERROR(HLOOKUP(AP$2,'Power Summary'!$B$1:$BS$24,MATCH($A8,'Power Summary'!$A:$A,0), FALSE), "") | AR8: 0.4 | AS8: =IFERROR(HLOOKUP(AR$2,'Power Summary'!$B$1:$BS$24,MATCH($A8,'Power Summary'!$A:$A,0), FALSE), "") | AT8: 49 | AU8: =IFERROR(HLOOKUP(AT$2,'Power Summary'!$B$1:$BS$24,MATCH($A8,'Power Summary'!$A:$A,0), FALSE), "") | AV8: 0.4 | AW8: =IFERROR(HLOOKUP(AV$2,'Power Summary'!$B$1:$BS$24,MATCH($A8,'Power Summary'!$A:$A,0), FALSE), "") | AX8: 0.4 | AY8: =IFERROR(HLOOKUP(AX$2,'Power Summary'!$B$1:$BS$24,MATCH($A8,'Power Summary'!$A:$A,0), FALSE), "") | AZ8: 49 | BA8: =IFERROR(HLOOKUP(AZ$2,'Power Summary'!$B$1:$BS$24,MATCH($A8,'Power Summary'!$A:$A,0), FALSE), "") | BB8: 69 | BC8: =IFERROR(HLOOKUP(BB$2,'Power Summary'!$B$1:$BS$24,MATCH($A8,'Power Summary'!$A:$A,0), FALSE), "")
A9: Storage (mW) | B9: 23.488235 | C9: =IFERROR(HLOOKUP(B$2,'Power Summary'!$B$1:$BS$24,MATCH($A9,'Power Summary'!$A:$A,0), FALSE), "") | D9: 2.5711224 | E9: =IFERROR(HLOOKUP(D$2,'Power Summary'!$B$1:$BS$24,MATCH($A9,'Power Summary'!$A:$A,0), FALSE), "") | F9: 2.5711224 | G9: =IFERROR(HLOOKUP(F$2,'Power Summary'!$B$1:$BS$24,MATCH($A9,'Power Summary'!$A:$A,0), FALSE), "") | H9: 7.8294118 | I9: =IFERROR(HLOOKUP(H$2,'Power Summary'!$B$1:$BS$24,MATCH($A9,'Power Summary'!$A:$A,0), FALSE), "") | J9: 4.6976471 | K9: =IFERROR(HLOOKUP(J$2,'Power Summary'!$B$1:$BS$24,MATCH($A9,'Power Summary'!$A:$A,0), FALSE), "") | L9: 4.6976471 | M9: =IFERROR(HLOOKUP(L$2,'Power Summary'!$B$1:$BS$24,MATCH($A9,'Power Summary'!$A:$A,0), FALSE), "") | N9: 3.1317647 | O9: =IFERROR(HLOOKUP(N$2,'Power Summary'!$B$1:$BS$24,MATCH($A9,'Power Summary'!$A:$A,0), FALSE), "") | P9: 4.6976471 | Q9: =IFERROR(HLOOKUP(P$2,'Power Summary'!$B$1:$BS$24,MATCH($A9,'Power Summary'!$A:$A,0), FALSE), "") | R9: 4.6976471 | S9: =IFERROR(HLOOKUP(R$2,'Power Summary'!$B$1:$BS$24,MATCH($A9,'Power Summary'!$A:$A,0), FALSE), "") | T9: 4.6976471 | U9: =IFERROR(HLOOKUP(T$2,'Power Summary'!$B$1:$BS$24,MATCH($A9,'Power Summary'!$A:$A,0), FALSE), "") | V9: 4.6976471 | W9: =IFERROR(HLOOKUP(V$2,'Power Summary'!$B$1:$BS$24,MATCH($A9,'Power Summary'!$A:$A,0), FALSE), "") | X9: 12.527059 | Y9: =IFERROR(HLOOKUP(X$2,'Power Summary'!$B$1:$BS$24,MATCH($A9,'Power Summary'!$A:$A,0), FALSE), "") | Z9: 7.8294118 | AA9: =IFERROR(HLOOKUP(Z$2,'Power Summary'!$B$1:$BS$24,MATCH($A9,'Power Summary'!$A:$A,0), FALSE), "") | AB9: 7.8294118 | AC9: =IFERROR(HLOOKUP(AB$2,'Power Summary'!$B$1:$BS$24,MATCH($A9,'Power Summary'!$A:$A,0), FALSE), "") | AD9: 7.8294118 | AE9: =IFERROR(HLOOKUP(AD$2,'Power Summary'!$B$1:$BS$24,MATCH($A9,'Power Summary'!$A:$A,0), FALSE), "") | AF9: 7.8294118 | AG9: =IFERROR(HLOOKUP(AF$2,'Power Summary'!$B$1:$BS$24,MATCH($A9,'Power Summary'!$A:$A,0), FALSE), "") | AH9: 7.8294118 | AI9: =IFERROR(HLOOKUP(AH$2,'Power Summary'!$B$1:$BS$24,MATCH($A9,'Power Summary'!$A:$A,0), FALSE), "") | AJ9: 4.6976471 | AK9: =IFERROR(HLOOKUP(AJ$2,'Power Summary'!$B$1:$BS$24,MATCH($A9,'Power Summary'!$A:$A,0), FALSE), "") | AL9: 2.5711224 | AM9: =IFERROR(HLOOKUP(AL$2,'Power Summary'!$B$1:$BS$24,MATCH($A9,'Power Summary'!$A:$A,0), FALSE), "") | AN9: 3.1317647 | AO9: =IFERROR(HLOOKUP(AN$2,'Power Summary'!$B$1:$BS$24,MATCH($A9,'Power Summary'!$A:$A,0), FALSE), "") | AP9: 15.658824 | AQ9: =IFERROR(HLOOKUP(AP$2,'Power Summary'!$B$1:$BS$24,MATCH($A9,'Power Summary'!$A:$A,0), FALSE), "") | AR9: 4.6976471 | AS9: =IFERROR(HLOOKUP(AR$2,'Power Summary'!$B$1:$BS$24,MATCH($A9,'Power Summary'!$A:$A,0), FALSE), "") | AT9: 4.6976471 | AU9: =IFERROR(HLOOKUP(AT$2,'Power Summary'!$B$1:$BS$24,MATCH($A9,'Power Summary'!$A:$A,0), FALSE), "") | AV9: 2.5711224 | AW9: =IFERROR(HLOOKUP(AV$2,'Power Summary'!$B$1:$BS$24,MATCH($A9,'Power Summary'!$A:$A,0), FALSE), "") | AX9: 2.5711224 | AY9: =IFERROR(HLOOKUP(AX$2,'Power Summary'!$B$1:$BS$24,MATCH($A9,'Power Summary'!$A:$A,0), FALSE), "") | AZ9: 3.1317647 | BA9: =IFERROR(HLOOKUP(AZ$2,'Power Summary'!$B$1:$BS$24,MATCH($A9,'Power Summary'!$A:$A,0), FALSE), "") | BB9: 3.1317647 | BC9: =IFERROR(HLOOKUP(BB$2,'Power Summary'!$B$1:$BS$24,MATCH($A9,'Power Summary'!$A:$A,0), FALSE), "")
A10: Camera (mW) | B10: 0.0011764706 | C10: =IFERROR(HLOOKUP(B$2,'Power Summary'!$B$1:$BS$24,MATCH($A10,'Power Summary'!$A:$A,0), FALSE), "") | D10: 0.0011764706 | E10: =IFERROR(HLOOKUP(D$2,'Power Summary'!$B$1:$BS$24,MATCH($A10,'Power Summary'!$A:$A,0), FALSE), "") | F10: 0.0011764706 | G10: =IFERROR(HLOOKUP(F$2,'Power Summary'!$B$1:$BS$24,MATCH($A10,'Power Summary'!$A:$A,0), FALSE), "") | H10: 0.11764706 | I10: =IFERROR(HLOOKUP(H$2,'Power Summary'!$B$1:$BS$24,MATCH($A10,'Power Summary'!$A:$A,0), FALSE), "") | J10: 0.11764706 | K10: =IFERROR(HLOOKUP(J$2,'Power Summary'!$B$1:$BS$24,MATCH($A10,'Power Summary'!$A:$A,0), FALSE), "") | L10: 0.11764706 | M10: =IFERROR(HLOOKUP(L$2,'Power Summary'!$B$1:$BS$24,MATCH($A10,'Power Summary'!$A:$A,0), FALSE), "") | N10: 0.11764706 | O10: =IFERROR(HLOOKUP(N$2,'Power Summary'!$B$1:$BS$24,MATCH($A10,'Power Summary'!$A:$A,0), FALSE), "") | P10: 0.11764706 | Q10: =IFERROR(HLOOKUP(P$2,'Power Summary'!$B$1:$BS$24,MATCH($A10,'Power Summary'!$A:$A,0), FALSE), "") | R10: 0.11764706 | S10: =IFERROR(HLOOKUP(R$2,'Power Summary'!$B$1:$BS$24,MATCH($A10,'Power Summary'!$A:$A,0), FALSE), "") | T10: 0.11764706 | U10: =IFERROR(HLOOKUP(T$2,'Power Summary'!$B$1:$BS$24,MATCH($A10,'Power Summary'!$A:$A,0), FALSE), "") | V10: 0.11764706 | W10: =IFERROR(HLOOKUP(V$2,'Power Summary'!$B$1:$BS$24,MATCH($A10,'Power Summary'!$A:$A,0), FALSE), "") | X10: 0.11764706 | Y10: =IFERROR(HLOOKUP(X$2,'Power Summary'!$B$1:$BS$24,MATCH($A10,'Power Summary'!$A:$A,0), FALSE), "") | Z10: 0.11764706 | AA10: =IFERROR(HLOOKUP(Z$2,'Power Summary'!$B$1:$BS$24,MATCH($A10,'Power Summary'!$A:$A,0), FALSE), "") | AB10: 0.11764706 | AC10: =IFERROR(HLOOKUP(AB$2,'Power Summary'!$B$1:$BS$24,MATCH($A10,'Power Summary'!$A:$A,0), FALSE), "") | AD10: 350 | AE10: =IFERROR(HLOOKUP(AD$2,'Power Summary'!$B$1:$BS$24,MATCH($A10,'Power Summary'!$A:$A,0), FALSE), "") | AF10: 0.11764706 | AG10: =IFERROR(HLOOKUP(AF$2,'Power Summary'!$B$1:$BS$24,MATCH($A10,'Power Summary'!$A:$A,0), FALSE), "") | AH10: 0.11764706 | AI10: =IFERROR(HLOOKUP(AH$2,'Power Summary'!$B$1:$BS$24,MATCH($A10,'Power Summary'!$A:$A,0), FALSE), "") | AJ10: 0.11764706 | AK10: =IFERROR(HLOOKUP(AJ$2,'Power Summary'!$B$1:$BS$24,MATCH($A10,'Power Summary'!$A:$A,0), FALSE), "") | AL10: 0.0011764706 | AM10: =IFERROR(HLOOKUP(AL$2,'Power Summary'!$B$1:$BS$24,MATCH($A10,'Power Summary'!$A:$A,0), FALSE), "") | AN10: 349.29412 | AO10: =IFERROR(HLOOKUP(AN$2,'Power Summary'!$B$1:$BS$24,MATCH($A10,'Power Summary'!$A:$A,0), FALSE), "") | AP10: 850 | AQ10: =IFERROR(HLOOKUP(AP$2,'Power Summary'!$B$1:$BS$24,MATCH($A10,'Power Summary'!$A:$A,0), FALSE), "") | AR10: 0.11764706 | AS10: =IFERROR(HLOOKUP(AR$2,'Power Summary'!$B$1:$BS$24,MATCH($A10,'Power Summary'!$A:$A,0), FALSE), "") | AT10: 0.11764706 | AU10: =IFERROR(HLOOKUP(AT$2,'Power Summary'!$B$1:$BS$24,MATCH($A10,'Power Summary'!$A:$A,0), FALSE), "") | AV10: 0.0011764706 | AW10: =IFERROR(HLOOKUP(AV$2,'Power Summary'!$B$1:$BS$24,MATCH($A10,'Power Summary'!$A:$A,0), FALSE), "") | AX10: 0.0011764706 | AY10: =IFERROR(HLOOKUP(AX$2,'Power Summary'!$B$1:$BS$24,MATCH($A10,'Power Summary'!$A:$A,0), FALSE), "") | AZ10: 0.11764706 | BA10: =IFERROR(HLOOKUP(AZ$2,'Power Summary'!$B$1:$BS$24,MATCH($A10,'Power Summary'!$A:$A,0), FALSE), "") | BB10: 0.11764706 | BC10: =IFERROR(HLOOKUP(BB$2,'Power Summary'!$B$1:$BS$24,MATCH($A10,'Power Summary'!$A:$A,0), FALSE), "")
A11: Cellular (mW) | B11: 114.82353 | C11: =IFERROR(HLOOKUP(B$2,'Power Summary'!$B$1:$BS$24,MATCH($A11,'Power Summary'!$A:$A,0), FALSE), "") | D11: 3.6470588 | E11: =IFERROR(HLOOKUP(D$2,'Power Summary'!$B$1:$BS$24,MATCH($A11,'Power Summary'!$A:$A,0), FALSE), "") | F11: 3.6470588 | G11: =IFERROR(HLOOKUP(F$2,'Power Summary'!$B$1:$BS$24,MATCH($A11,'Power Summary'!$A:$A,0), FALSE), "") | H11: 141.29412 | I11: =IFERROR(HLOOKUP(H$2,'Power Summary'!$B$1:$BS$24,MATCH($A11,'Power Summary'!$A:$A,0), FALSE), "") | J11: 114.82353 | K11: =IFERROR(HLOOKUP(J$2,'Power Summary'!$B$1:$BS$24,MATCH($A11,'Power Summary'!$A:$A,0), FALSE), "") | L11: 106 | M11: =IFERROR(HLOOKUP(L$2,'Power Summary'!$B$1:$BS$24,MATCH($A11,'Power Summary'!$A:$A,0), FALSE), "") | N11: 1 | O11: =IFERROR(HLOOKUP(N$2,'Power Summary'!$B$1:$BS$24,MATCH($A11,'Power Summary'!$A:$A,0), FALSE), "") | P11: 88.352941 | Q11: =IFERROR(HLOOKUP(P$2,'Power Summary'!$B$1:$BS$24,MATCH($A11,'Power Summary'!$A:$A,0), FALSE), "") | R11: 88.352941 | S11: =IFERROR(HLOOKUP(R$2,'Power Summary'!$B$1:$BS$24,MATCH($A11,'Power Summary'!$A:$A,0), FALSE), "") | T11: 1 | U11: =IFERROR(HLOOKUP(T$2,'Power Summary'!$B$1:$BS$24,MATCH($A11,'Power Summary'!$A:$A,0), FALSE), "") | V11: 1 | W11: =IFERROR(HLOOKUP(V$2,'Power Summary'!$B$1:$BS$24,MATCH($A11,'Power Summary'!$A:$A,0), FALSE), "") | X11: 123.64706 | Y11: =IFERROR(HLOOKUP(X$2,'Power Summary'!$B$1:$BS$24,MATCH($A11,'Power Summary'!$A:$A,0), FALSE), "") | Z11: 79.529412 | AA11: =IFERROR(HLOOKUP(Z$2,'Power Summary'!$B$1:$BS$24,MATCH($A11,'Power Summary'!$A:$A,0), FALSE), "") | AB11: 97.176471 | AC11: =IFERROR(HLOOKUP(AB$2,'Power Summary'!$B$1:$BS$24,MATCH($A11,'Power Summary'!$A:$A,0), FALSE), "") | AD11: 1 | AE11: =IFERROR(HLOOKUP(AD$2,'Power Summary'!$B$1:$BS$24,MATCH($A11,'Power Summary'!$A:$A,0), FALSE), "") | AF11: 114.82353 | AG11: =IFERROR(HLOOKUP(AF$2,'Power Summary'!$B$1:$BS$24,MATCH($A11,'Power Summary'!$A:$A,0), FALSE), "") | AH11: 158.94118 | AI11: =IFERROR(HLOOKUP(AH$2,'Power Summary'!$B$1:$BS$24,MATCH($A11,'Power Summary'!$A:$A,0), FALSE), "") | AJ11: 35.411765 | AK11: =IFERROR(HLOOKUP(AJ$2,'Power Summary'!$B$1:$BS$24,MATCH($A11,'Power Summary'!$A:$A,0), FALSE), "") | AL11: 1 | AM11: =IFERROR(HLOOKUP(AL$2,'Power Summary'!$B$1:$BS$24,MATCH($A11,'Power Summary'!$A:$A,0), FALSE), "") | AN11: 176.58824 | AO11: =IFERROR(HLOOKUP(AN$2,'Power Summary'!$B$1:$BS$24,MATCH($A11,'Power Summary'!$A:$A,0), FALSE), "") | AP11: 1 | AQ11: =IFERROR(HLOOKUP(AP$2,'Power Summary'!$B$1:$BS$24,MATCH($A11,'Power Summary'!$A:$A,0), FALSE), "") | AR11: 132.47059 | AS11: =IFERROR(HLOOKUP(AR$2,'Power Summary'!$B$1:$BS$24,MATCH($A11,'Power Summary'!$A:$A,0), FALSE), "") | AT11: 70.705882 | AU11: =IFERROR(HLOOKUP(AT$2,'Power Summary'!$B$1:$BS$24,MATCH($A11,'Power Summary'!$A:$A,0), FALSE), "") | AV11: 3.6470588 | AW11: =IFERROR(HLOOKUP(AV$2,'Power Summary'!$B$1:$BS$24,MATCH($A11,'Power Summary'!$A:$A,0), FALSE), "") | AX11: 3.6470588 | AY11: =IFERROR(HLOOKUP(AX$2,'Power Summary'!$B$1:$BS$24,MATCH($A11,'Power Summary'!$A:$A,0), FALSE), "") | AZ11: 1 | BA11: =IFERROR(HLOOKUP(AZ$2,'Power Summary'!$B$1:$BS$24,MATCH($A11,'Power Summary'!$A:$A,0), FALSE), "") | BB11: 1 | BC11: =IFERROR(HLOOKUP(BB$2,'Power Summary'!$B$1:$BS$24,MATCH($A11,'Power Summary'!$A:$A,0), FALSE), "")
A12: WiFiBT (mW) | B12: 82.5 | C12: =IFERROR(HLOOKUP(B$2,'Power Summary'!$B$1:$BS$24,MATCH($A12,'Power Summary'!$A:$A,0), FALSE), "") | D12: 3 | E12: =IFERROR(HLOOKUP(D$2,'Power Summary'!$B$1:$BS$24,MATCH($A12,'Power Summary'!$A:$A,0), FALSE), "") | F12: 10 | G12: =IFERROR(HLOOKUP(F$2,'Power Summary'!$B$1:$BS$24,MATCH($A12,'Power Summary'!$A:$A,0), FALSE), "") | H12: 148.5 | I12: =IFERROR(HLOOKUP(H$2,'Power Summary'!$B$1:$BS$24,MATCH($A12,'Power Summary'!$A:$A,0), FALSE), "") | J12: 93.5 | K12: =IFERROR(HLOOKUP(J$2,'Power Summary'!$B$1:$BS$24,MATCH($A12,'Power Summary'!$A:$A,0), FALSE), "") | L12: 88 | M12: =IFERROR(HLOOKUP(L$2,'Power Summary'!$B$1:$BS$24,MATCH($A12,'Power Summary'!$A:$A,0), FALSE), "") | N12: 38.5 | O12: =IFERROR(HLOOKUP(N$2,'Power Summary'!$B$1:$BS$24,MATCH($A12,'Power Summary'!$A:$A,0), FALSE), "") | P12: 55 | Q12: =IFERROR(HLOOKUP(P$2,'Power Summary'!$B$1:$BS$24,MATCH($A12,'Power Summary'!$A:$A,0), FALSE), "") | R12: 55 | S12: =IFERROR(HLOOKUP(R$2,'Power Summary'!$B$1:$BS$24,MATCH($A12,'Power Summary'!$A:$A,0), FALSE), "") | T12: 0.5 | U12: =IFERROR(HLOOKUP(T$2,'Power Summary'!$B$1:$BS$24,MATCH($A12,'Power Summary'!$A:$A,0), FALSE), "") | V12: 33 | W12: =IFERROR(HLOOKUP(V$2,'Power Summary'!$B$1:$BS$24,MATCH($A12,'Power Summary'!$A:$A,0), FALSE), "") | X12: 143 | Y12: =IFERROR(HLOOKUP(X$2,'Power Summary'!$B$1:$BS$24,MATCH($A12,'Power Summary'!$A:$A,0), FALSE), "") | Z12: 60.5 | AA12: =IFERROR(HLOOKUP(Z$2,'Power Summary'!$B$1:$BS$24,MATCH($A12,'Power Summary'!$A:$A,0), FALSE), "") | AB12: 71.5 | AC12: =IFERROR(HLOOKUP(AB$2,'Power Summary'!$B$1:$BS$24,MATCH($A12,'Power Summary'!$A:$A,0), FALSE), "") | AD12: 5.5 | AE12: =IFERROR(HLOOKUP(AD$2,'Power Summary'!$B$1:$BS$24,MATCH($A12,'Power Summary'!$A:$A,0), FALSE), "") | AF12: 99 | AG12: =IFERROR(HLOOKUP(AF$2,'Power Summary'!$B$1:$BS$24,MATCH($A12,'Power Summary'!$A:$A,0), FALSE), "") | AH12: 132 | AI12: =IFERROR(HLOOKUP(AH$2,'Power Summary'!$B$1:$BS$24,MATCH($A12,'Power Summary'!$A:$A,0), FALSE), "") | AJ12: 10 | AK12: =IFERROR(HLOOKUP(AJ$2,'Power Summary'!$B$1:$BS$24,MATCH($A12,'Power Summary'!$A:$A,0), FALSE), "") | AL12: 1 | AM12: =IFERROR(HLOOKUP(AL$2,'Power Summary'!$B$1:$BS$24,MATCH($A12,'Power Summary'!$A:$A,0), FALSE), "") | AN12: 330 | AO12: =IFERROR(HLOOKUP(AN$2,'Power Summary'!$B$1:$BS$24,MATCH($A12,'Power Summary'!$A:$A,0), FALSE), "") | AP12: 5.5 | AQ12: =IFERROR(HLOOKUP(AP$2,'Power Summary'!$B$1:$BS$24,MATCH($A12,'Power Summary'!$A:$A,0), FALSE), "") | AR12: 15 | AS12: =IFERROR(HLOOKUP(AR$2,'Power Summary'!$B$1:$BS$24,MATCH($A12,'Power Summary'!$A:$A,0), FALSE), "") | AT12: 49.5 | AU12: =IFERROR(HLOOKUP(AT$2,'Power Summary'!$B$1:$BS$24,MATCH($A12,'Power Summary'!$A:$A,0), FALSE), "") | AV12: 10 | AW12: =IFERROR(HLOOKUP(AV$2,'Power Summary'!$B$1:$BS$24,MATCH($A12,'Power Summary'!$A:$A,0), FALSE), "") | AX12: 3 | AY12: =IFERROR(HLOOKUP(AX$2,'Power Summary'!$B$1:$BS$24,MATCH($A12,'Power Summary'!$A:$A,0), FALSE), "") | AZ12: 38.5 | BA12: =IFERROR(HLOOKUP(AZ$2,'Power Summary'!$B$1:$BS$24,MATCH($A12,'Power Summary'!$A:$A,0), FALSE), "") | BB12: 1.1 | BC12: =IFERROR(HLOOKUP(BB$2,'Power Summary'!$B$1:$BS$24,MATCH($A12,'Power Summary'!$A:$A,0), FALSE), "")
A13: Sensors (mW) | C13: =IFERROR(HLOOKUP(B$2,'Power Summary'!$B$1:$BS$24,MATCH($A13,'Power Summary'!$A:$A,0), FALSE), "") | E13: =IFERROR(HLOOKUP(D$2,'Power Summary'!$B$1:$BS$24,MATCH($A13,'Power Summary'!$A:$A,0), FALSE), "") | G13: =IFERROR(HLOOKUP(F$2,'Power Summary'!$B$1:$BS$24,MATCH($A13,'Power Summary'!$A:$A,0), FALSE), "") | I13: =IFERROR(HLOOKUP(H$2,'Power Summary'!$B$1:$BS$24,MATCH($A13,'Power Summary'!$A:$A,0), FALSE), "") | K13: =IFERROR(HLOOKUP(J$2,'Power Summary'!$B$1:$BS$24,MATCH($A13,'Power Summary'!$A:$A,0), FALSE), "") | M13: =IFERROR(HLOOKUP(L$2,'Power Summary'!$B$1:$BS$24,MATCH($A13,'Power Summary'!$A:$A,0), FALSE), "") | O13: =IFERROR(HLOOKUP(N$2,'Power Summary'!$B$1:$BS$24,MATCH($A13,'Power Summary'!$A:$A,0), FALSE), "") | Q13: =IFERROR(HLOOKUP(P$2,'Power Summary'!$B$1:$BS$24,MATCH($A13,'Power Summary'!$A:$A,0), FALSE), "") | S13: =IFERROR(HLOOKUP(R$2,'Power Summary'!$B$1:$BS$24,MATCH($A13,'Power Summary'!$A:$A,0), FALSE), "") | U13: =IFERROR(HLOOKUP(T$2,'Power Summary'!$B$1:$BS$24,MATCH($A13,'Power Summary'!$A:$A,0), FALSE), "") | W13: =IFERROR(HLOOKUP(V$2,'Power Summary'!$B$1:$BS$24,MATCH($A13,'Power Summary'!$A:$A,0), FALSE), "") | Y13: =IFERROR(HLOOKUP(X$2,'Power Summary'!$B$1:$BS$24,MATCH($A13,'Power Summary'!$A:$A,0), FALSE), "") | AA13: =IFERROR(HLOOKUP(Z$2,'Power Summary'!$B$1:$BS$24,MATCH($A13,'Power Summary'!$A:$A,0), FALSE), "") | AC13: =IFERROR(HLOOKUP(AB$2,'Power Summary'!$B$1:$BS$24,MATCH($A13,'Power Summary'!$A:$A,0), FALSE), "") | AE13: =IFERROR(HLOOKUP(AD$2,'Power Summary'!$B$1:$BS$24,MATCH($A13,'Power Summary'!$A:$A,0), FALSE), "") | AG13: =IFERROR(HLOOKUP(AF$2,'Power Summary'!$B$1:$BS$24,MATCH($A13,'Power Summary'!$A:$A,0), FALSE), "") | AI13: =IFERROR(HLOOKUP(AH$2,'Power Summary'!$B$1:$BS$24,MATCH($A13,'Power Summary'!$A:$A,0), FALSE), "") | AK13: =IFERROR(HLOOKUP(AJ$2,'Power Summary'!$B$1:$BS$24,MATCH($A13,'Power Summary'!$A:$A,0), FALSE), "") | AM13: =IFERROR(HLOOKUP(AL$2,'Power Summary'!$B$1:$BS$24,MATCH($A13,'Power Summary'!$A:$A,0), FALSE), "") | AO13: =IFERROR(HLOOKUP(AN$2,'Power Summary'!$B$1:$BS$24,MATCH($A13,'Power Summary'!$A:$A,0), FALSE), "") | AQ13: =IFERROR(HLOOKUP(AP$2,'Power Summary'!$B$1:$BS$24,MATCH($A13,'Power Summary'!$A:$A,0), FALSE), "") | AS13: =IFERROR(HLOOKUP(AR$2,'Power Summary'!$B$1:$BS$24,MATCH($A13,'Power Summary'!$A:$A,0), FALSE), "") | AU13: =IFERROR(HLOOKUP(AT$2,'Power Summary'!$B$1:$BS$24,MATCH($A13,'Power Summary'!$A:$A,0), FALSE), "") | AW13: =IFERROR(HLOOKUP(AV$2,'Power Summary'!$B$1:$BS$24,MATCH($A13,'Power Summary'!$A:$A,0), FALSE), "") | AY13: =IFERROR(HLOOKUP(AX$2,'Power Summary'!$B$1:$BS$24,MATCH($A13,'Power Summary'!$A:$A,0), FALSE), "") | BA13: =IFERROR(HLOOKUP(AZ$2,'Power Summary'!$B$1:$BS$24,MATCH($A13,'Power Summary'!$A:$A,0), FALSE), "") | BC13: =IFERROR(HLOOKUP(BB$2,'Power Summary'!$B$1:$BS$24,MATCH($A13,'Power Summary'!$A:$A,0), FALSE), "")
A14: RoP (mW) | B14: =B15-SUBTOTAL(109, B4:B12) -> 25.636239 | C14: =IFERROR(HLOOKUP(B$2,'Power Summary'!$B$1:$BS$24,MATCH($A14,'Power Summary'!$A:$A,0), FALSE), "") | D14: 12.447154 | E14: =IFERROR(HLOOKUP(D$2,'Power Summary'!$B$1:$BS$24,MATCH($A14,'Power Summary'!$A:$A,0), FALSE), "") | F14: 12.448258 | G14: =IFERROR(HLOOKUP(F$2,'Power Summary'!$B$1:$BS$24,MATCH($A14,'Power Summary'!$A:$A,0), FALSE), "") | H14: 23.457549 | I14: =IFERROR(HLOOKUP(H$2,'Power Summary'!$B$1:$BS$24,MATCH($A14,'Power Summary'!$A:$A,0), FALSE), "") | J14: 18.784929 | K14: =IFERROR(HLOOKUP(J$2,'Power Summary'!$B$1:$BS$24,MATCH($A14,'Power Summary'!$A:$A,0), FALSE), "") | L14: 21.535025 | M14: =IFERROR(HLOOKUP(L$2,'Power Summary'!$B$1:$BS$24,MATCH($A14,'Power Summary'!$A:$A,0), FALSE), "") | N14: 18.753505 | O14: =IFERROR(HLOOKUP(N$2,'Power Summary'!$B$1:$BS$24,MATCH($A14,'Power Summary'!$A:$A,0), FALSE), "") | P14: 19.852663 | Q14: =IFERROR(HLOOKUP(P$2,'Power Summary'!$B$1:$BS$24,MATCH($A14,'Power Summary'!$A:$A,0), FALSE), "") | R14: 19.852663 | S14: =IFERROR(HLOOKUP(R$2,'Power Summary'!$B$1:$BS$24,MATCH($A14,'Power Summary'!$A:$A,0), FALSE), "") | T14: 17.566267 | U14: =IFERROR(HLOOKUP(T$2,'Power Summary'!$B$1:$BS$24,MATCH($A14,'Power Summary'!$A:$A,0), FALSE), "") | V14: 17.483843 | W14: =IFERROR(HLOOKUP(V$2,'Power Summary'!$B$1:$BS$24,MATCH($A14,'Power Summary'!$A:$A,0), FALSE), "") | X14: 1.7474044 | Y14: =IFERROR(HLOOKUP(X$2,'Power Summary'!$B$1:$BS$24,MATCH($A14,'Power Summary'!$A:$A,0), FALSE), "") | Z14: 23.360849 | AA14: =IFERROR(HLOOKUP(Z$2,'Power Summary'!$B$1:$BS$24,MATCH($A14,'Power Summary'!$A:$A,0), FALSE), "") | AB14: 20.448527 | AC14: =IFERROR(HLOOKUP(AB$2,'Power Summary'!$B$1:$BS$24,MATCH($A14,'Power Summary'!$A:$A,0), FALSE), "") | AD14: 503.70162 | AE14: =IFERROR(HLOOKUP(AD$2,'Power Summary'!$B$1:$BS$24,MATCH($A14,'Power Summary'!$A:$A,0), FALSE), "") | AF14: 24.619082 | AG14: =IFERROR(HLOOKUP(AF$2,'Power Summary'!$B$1:$BS$24,MATCH($A14,'Power Summary'!$A:$A,0), FALSE), "") | AH14: 18.352807 | AI14: =IFERROR(HLOOKUP(AH$2,'Power Summary'!$B$1:$BS$24,MATCH($A14,'Power Summary'!$A:$A,0), FALSE), "") | AJ14: 16.9988 | AK14: =IFERROR(HLOOKUP(AJ$2,'Power Summary'!$B$1:$BS$24,MATCH($A14,'Power Summary'!$A:$A,0), FALSE), "") | AL14: 12.446176 | AM14: =IFERROR(HLOOKUP(AL$2,'Power Summary'!$B$1:$BS$24,MATCH($A14,'Power Summary'!$A:$A,0), FALSE), "") | AN14: 24.332449 | AO14: =IFERROR(HLOOKUP(AN$2,'Power Summary'!$B$1:$BS$24,MATCH($A14,'Power Summary'!$A:$A,0), FALSE), "") | AP14: 503.70162 | AQ14: =IFERROR(HLOOKUP(AP$2,'Power Summary'!$B$1:$BS$24,MATCH($A14,'Power Summary'!$A:$A,0), FALSE), "") | AR14: 17.033095 | AS14: =IFERROR(HLOOKUP(AR$2,'Power Summary'!$B$1:$BS$24,MATCH($A14,'Power Summary'!$A:$A,0), FALSE), "") | AT14: 18.188691 | AU14: =IFERROR(HLOOKUP(AT$2,'Power Summary'!$B$1:$BS$24,MATCH($A14,'Power Summary'!$A:$A,0), FALSE), "") | AV14: 12.447662 | AW14: =IFERROR(HLOOKUP(AV$2,'Power Summary'!$B$1:$BS$24,MATCH($A14,'Power Summary'!$A:$A,0), FALSE), "") | AX14: 12.44788 | AY14: =IFERROR(HLOOKUP(AX$2,'Power Summary'!$B$1:$BS$24,MATCH($A14,'Power Summary'!$A:$A,0), FALSE), "") | AZ14: 18.753505 | BA14: =IFERROR(HLOOKUP(AZ$2,'Power Summary'!$B$1:$BS$24,MATCH($A14,'Power Summary'!$A:$A,0), FALSE), "") | BB14: 18.53921 | BC14: =IFERROR(HLOOKUP(BB$2,'Power Summary'!$B$1:$BS$24,MATCH($A14,'Power Summary'!$A:$A,0), FALSE), "")
A15: Total Power (mW) | B15: 1692.8621 | C15: =IFERROR(HLOOKUP(B$2,'Power Summary'!$B$1:$BS$24,MATCH($A15,'Power Summary'!$A:$A,0), FALSE), "") | D15: 55.576543 | E15: =IFERROR(HLOOKUP(D$2,'Power Summary'!$B$1:$BS$24,MATCH($A15,'Power Summary'!$A:$A,0), FALSE), "") | F15: 65.877647 | G15: =IFERROR(HLOOKUP(F$2,'Power Summary'!$B$1:$BS$24,MATCH($A15,'Power Summary'!$A:$A,0), FALSE), "") | H15: 2168.3764 | I15: =IFERROR(HLOOKUP(H$2,'Power Summary'!$B$1:$BS$24,MATCH($A15,'Power Summary'!$A:$A,0), FALSE), "") | J15: 1304.4838 | K15: =IFERROR(HLOOKUP(J$2,'Power Summary'!$B$1:$BS$24,MATCH($A15,'Power Summary'!$A:$A,0), FALSE), "") | L15: 1298.2927 | M15: =IFERROR(HLOOKUP(L$2,'Power Summary'!$B$1:$BS$24,MATCH($A15,'Power Summary'!$A:$A,0), FALSE), "") | N15: 1057.0347 | O15: =IFERROR(HLOOKUP(N$2,'Power Summary'!$B$1:$BS$24,MATCH($A15,'Power Summary'!$A:$A,0), FALSE), "") | P15: 1025.1397 | Q15: =IFERROR(HLOOKUP(P$2,'Power Summary'!$B$1:$BS$24,MATCH($A15,'Power Summary'!$A:$A,0), FALSE), "") | R15: 1456.3162 | S15: =IFERROR(HLOOKUP(R$2,'Power Summary'!$B$1:$BS$24,MATCH($A15,'Power Summary'!$A:$A,0), FALSE), "") | T15: 918.67277 | U15: =IFERROR(HLOOKUP(T$2,'Power Summary'!$B$1:$BS$24,MATCH($A15,'Power Summary'!$A:$A,0), FALSE), "") | V15: 817.30031 | W15: =IFERROR(HLOOKUP(V$2,'Power Summary'!$B$1:$BS$24,MATCH($A15,'Power Summary'!$A:$A,0), FALSE), "") | X15: 1733.7462 | Y15: =IFERROR(HLOOKUP(X$2,'Power Summary'!$B$1:$BS$24,MATCH($A15,'Power Summary'!$A:$A,0), FALSE), "") | Z15: 2477.6112 | AA15: =IFERROR(HLOOKUP(Z$2,'Power Summary'!$B$1:$BS$24,MATCH($A15,'Power Summary'!$A:$A,0), FALSE), "") | AB15: 1674.9556 | AC15: =IFERROR(HLOOKUP(AB$2,'Power Summary'!$B$1:$BS$24,MATCH($A15,'Power Summary'!$A:$A,0), FALSE), "") | AD15: 2789.3852 | AE15: =IFERROR(HLOOKUP(AD$2,'Power Summary'!$B$1:$BS$24,MATCH($A15,'Power Summary'!$A:$A,0), FALSE), "") | AF15: 2298.5757 | AG15: =IFERROR(HLOOKUP(AF$2,'Power Summary'!$B$1:$BS$24,MATCH($A15,'Power Summary'!$A:$A,0), FALSE), "") | AH15: 1212.4775 | AI15: =IFERROR(HLOOKUP(AH$2,'Power Summary'!$B$1:$BS$24,MATCH($A15,'Power Summary'!$A:$A,0), FALSE), "") | AJ15: 543.72295 | AK15: =IFERROR(HLOOKUP(AJ$2,'Power Summary'!$B$1:$BS$24,MATCH($A15,'Power Summary'!$A:$A,0), FALSE), "") | AL15: 43.928507 | AM15: =IFERROR(HLOOKUP(AL$2,'Power Summary'!$B$1:$BS$24,MATCH($A15,'Power Summary'!$A:$A,0), FALSE), "") | AN15: 2668.8772 | AO15: =IFERROR(HLOOKUP(AN$2,'Power Summary'!$B$1:$BS$24,MATCH($A15,'Power Summary'!$A:$A,0), FALSE), "") | AP15: 3897.2146 | AQ15: =IFERROR(HLOOKUP(AP$2,'Power Summary'!$B$1:$BS$24,MATCH($A15,'Power Summary'!$A:$A,0), FALSE), "") | AR15: 573.56839 | AS15: =IFERROR(HLOOKUP(AR$2,'Power Summary'!$B$1:$BS$24,MATCH($A15,'Power Summary'!$A:$A,0), FALSE), "") | AT15: 1149.7405 | AU15: =IFERROR(HLOOKUP(AT$2,'Power Summary'!$B$1:$BS$24,MATCH($A15,'Power Summary'!$A:$A,0), FALSE), "") | AV15: 60.577051 | AW15: =IFERROR(HLOOKUP(AV$2,'Power Summary'!$B$1:$BS$24,MATCH($A15,'Power Summary'!$A:$A,0), FALSE), "") | AX15: 62.577269 | AY15: =IFERROR(HLOOKUP(AX$2,'Power Summary'!$B$1:$BS$24,MATCH($A15,'Power Summary'!$A:$A,0), FALSE), "") | AZ15: 644.21504 | BA15: =IFERROR(HLOOKUP(AZ$2,'Power Summary'!$B$1:$BS$24,MATCH($A15,'Power Summary'!$A:$A,0), FALSE), "") | BB15: 954.42039 | BC15: =IFERROR(HLOOKUP(BB$2,'Power Summary'!$B$1:$BS$24,MATCH($A15,'Power Summary'!$A:$A,0), FALSE), "")
A16: Record Time (Min) | B16: 20 | C16: =IFERROR(HLOOKUP(B$2,'Power Summary'!$B$1:$BS$24,MATCH($A16,'Power Summary'!$A:$A,0), FALSE), "") | D16: 20 | E16: =IFERROR(HLOOKUP(D$2,'Power Summary'!$B$1:$BS$24,MATCH($A16,'Power Summary'!$A:$A,0), FALSE), "") | F16: 10 | G16: =IFERROR(HLOOKUP(F$2,'Power Summary'!$B$1:$BS$24,MATCH($A16,'Power Summary'!$A:$A,0), FALSE), "") | H16: 10 | I16: =IFERROR(HLOOKUP(H$2,'Power Summary'!$B$1:$BS$24,MATCH($A16,'Power Summary'!$A:$A,0), FALSE), "") | J16: 20 | K16: =IFERROR(HLOOKUP(J$2,'Power Summary'!$B$1:$BS$24,MATCH($A16,'Power Summary'!$A:$A,0), FALSE), "") | L16: 20 | M16: =IFERROR(HLOOKUP(L$2,'Power Summary'!$B$1:$BS$24,MATCH($A16,'Power Summary'!$A:$A,0), FALSE), "") | N16: 10 | O16: =IFERROR(HLOOKUP(N$2,'Power Summary'!$B$1:$BS$24,MATCH($A16,'Power Summary'!$A:$A,0), FALSE), "") | Q16: =IFERROR(HLOOKUP(P$2,'Power Summary'!$B$1:$BS$24,MATCH($A16,'Power Summary'!$A:$A,0), FALSE), "") | S16: =IFERROR(HLOOKUP(R$2,'Power Summary'!$B$1:$BS$24,MATCH($A16,'Power Summary'!$A:$A,0), FALSE), "") | T16: 10 | U16: =IFERROR(HLOOKUP(T$2,'Power Summary'!$B$1:$BS$24,MATCH($A16,'Power Summary'!$A:$A,0), FALSE), "") | V16: 20 | W16: =IFERROR(HLOOKUP(V$2,'Power Summary'!$B$1:$BS$24,MATCH($A16,'Power Summary'!$A:$A,0), FALSE), "") | X16: 20 | Y16: =IFERROR(HLOOKUP(X$2,'Power Summary'!$B$1:$BS$24,MATCH($A16,'Power Summary'!$A:$A,0), FALSE), "") | Z16: 10 | AA16: =IFERROR(HLOOKUP(Z$2,'Power Summary'!$B$1:$BS$24,MATCH($A16,'Power Summary'!$A:$A,0), FALSE), "") | AB16: 10 | AC16: =IFERROR(HLOOKUP(AB$2,'Power Summary'!$B$1:$BS$24,MATCH($A16,'Power Summary'!$A:$A,0), FALSE), "") | AD16: 10 | AE16: =IFERROR(HLOOKUP(AD$2,'Power Summary'!$B$1:$BS$24,MATCH($A16,'Power Summary'!$A:$A,0), FALSE), "") | AF16: 10 | AG16: =IFERROR(HLOOKUP(AF$2,'Power Summary'!$B$1:$BS$24,MATCH($A16,'Power Summary'!$A:$A,0), FALSE), "") | AH16: 10 | AI16: =IFERROR(HLOOKUP(AH$2,'Power Summary'!$B$1:$BS$24,MATCH($A16,'Power Summary'!$A:$A,0), FALSE), "") | AJ16: 10 | AK16: =IFERROR(HLOOKUP(AJ$2,'Power Summary'!$B$1:$BS$24,MATCH($A16,'Power Summary'!$A:$A,0), FALSE), "") | AL16: 20 | AM16: =IFERROR(HLOOKUP(AL$2,'Power Summary'!$B$1:$BS$24,MATCH($A16,'Power Summary'!$A:$A,0), FALSE), "") | AN16: 20 | AO16: =IFERROR(HLOOKUP(AN$2,'Power Summary'!$B$1:$BS$24,MATCH($A16,'Power Summary'!$A:$A,0), FALSE), "") | AP16: 20 | AQ16: =IFERROR(HLOOKUP(AP$2,'Power Summary'!$B$1:$BS$24,MATCH($A16,'Power Summary'!$A:$A,0), FALSE), "") | AR16: 20 | AS16: =IFERROR(HLOOKUP(AR$2,'Power Summary'!$B$1:$BS$24,MATCH($A16,'Power Summary'!$A:$A,0), FALSE), "") | AT16: 20 | AU16: =IFERROR(HLOOKUP(AT$2,'Power Summary'!$B$1:$BS$24,MATCH($A16,'Power Summary'!$A:$A,0), FALSE), "") | AV16: 10 | AW16: =IFERROR(HLOOKUP(AV$2,'Power Summary'!$B$1:$BS$24,MATCH($A16,'Power Summary'!$A:$A,0), FALSE), "") | AX16: 10 | AY16: =IFERROR(HLOOKUP(AX$2,'Power Summary'!$B$1:$BS$24,MATCH($A16,'Power Summary'!$A:$A,0), FALSE), "") | AZ16: 10 | BA16: =IFERROR(HLOOKUP(AZ$2,'Power Summary'!$B$1:$BS$24,MATCH($A16,'Power Summary'!$A:$A,0), FALSE), "") | BB16: 20 | BC16: =IFERROR(HLOOKUP(BB$2,'Power Summary'!$B$1:$BS$24,MATCH($A16,'Power Summary'!$A:$A,0), FALSE), "")

Sheet Scorecard Full
B1: Web | D1: Web | F1: Productivity | H1: Communication | J1: Gaming | L1: Entertainment | N1: Entertainment | P1: Entertainment | R1: Entertainment | T1: Social | V1: Social | X1: Social | Z1: Social | AB1: Smartphone | AD1: Smartphone | AF1: Smartphone | AH1: Idle | AJ1: Idle | AL1: Idle | AN1: Mixed | AP1: Standby | AR1: Standby | AT1: Standby | AV1: Standby | AX1: Standby | AZ1: Media | BB1: Media
A2: HoBL | B2: edge_facebook_2s | D2: edge_1s | F2: productivity_2s | H2: teams_video_1s | J2: minecraft_1s | L2: local_video_1s | N2: spotify_0s | P2: youtube_1s | R2: local_audio_0s | T2: facebook_1s | V2: instagram_1s | X2: instagram_2s | Z2: os_nav_2s | AB2: voice_0s | AD2: sms_1s | AF2: maps_1s | AH2: idle_home_2s | AJ2: idle_home_apm_2s | AL2: idle_home_1s | AN2: abl_active_xs | AP2: sspnd_app_wifi_0s | AR2: sspnd_idl_wifi_0s | AT2: sspnd_app_cell_0s | AV2: sspnd_idl_cell_0s | AX2: sspnd_idl_apm_0s | AZ2: photo_preview_f_2s | BB2: video_capture_w_2s
A3: Sub-system | B3: Target | C3: Measured | D3: Target | E3: Measured | F3: Target | G3: Measured | H3: Target | I3: Measured | J3: Target | K3: Measured | L3: Target | M3: Measured | N3: Target | O3: Measured | P3: Target | Q3: Measured | R3: Target | S3: Measured | T3: Target | U3: Measured | V3: Target | W3: Measured | X3: Target | Y3: Measured | Z3: Target | AA3: Measured | AB3: Target | AC3: Measured | AD3: Target | AE3: Measured | AF3: Target | AG3: Measured | AH3: Target | AI3: Measured | AJ3: Target | AK3: Measured | AL3: Target | AM3: Measured | AN3: Target | AO3: Measured | AP3: Target | AQ3: Measured | AR3: Target | AS3: Measured | AT3: Target | AU3: Measured | AV3: Target | AW3: Measured | AX3: Target | AY3: Measured | AZ3: Target | BA3: Measured | BB3: Target | BC3: Measured
A4: SoC (mW) | B4: 525 | C4: =IFERROR(HLOOKUP(B$2,'Power Summary'!$B$1:$BS$24,MATCH($A4,'Power Summary'!$A:$A,0), FALSE), "") | D4: 465.5 | E4: =IFERROR(HLOOKUP(D$2,'Power Summary'!$B$1:$BS$24,MATCH($A4,'Power Summary'!$A:$A,0), FALSE), "") | F4: 590 | G4: =IFERROR(HLOOKUP(F$2,'Power Summary'!$B$1:$BS$24,MATCH($A4,'Power Summary'!$A:$A,0), FALSE), "") | H4: 965 | I4: =IFERROR(HLOOKUP(H$2,'Power Summary'!$B$1:$BS$24,MATCH($A4,'Power Summary'!$A:$A,0), FALSE), "") | J4: 1400 | K4: =IFERROR(HLOOKUP(J$2,'Power Summary'!$B$1:$BS$24,MATCH($A4,'Power Summary'!$A:$A,0), FALSE), "") | L4: 310 | M4: =IFERROR(HLOOKUP(L$2,'Power Summary'!$B$1:$BS$24,MATCH($A4,'Power Summary'!$A:$A,0), FALSE), "") | N4: 175 | O4: =IFERROR(HLOOKUP(N$2,'Power Summary'!$B$1:$BS$24,MATCH($A4,'Power Summary'!$A:$A,0), FALSE), "") | P4: 300 | Q4: =IFERROR(HLOOKUP(P$2,'Power Summary'!$B$1:$BS$24,MATCH($A4,'Power Summary'!$A:$A,0), FALSE), "") | R4: 160 | S4: =IFERROR(HLOOKUP(R$2,'Power Summary'!$B$1:$BS$24,MATCH($A4,'Power Summary'!$A:$A,0), FALSE), "") | T4: 350 | U4: =IFERROR(HLOOKUP(T$2,'Power Summary'!$B$1:$BS$24,MATCH($A4,'Power Summary'!$A:$A,0), FALSE), "") | V4: 360 | W4: =IFERROR(HLOOKUP(V$2,'Power Summary'!$B$1:$BS$24,MATCH($A4,'Power Summary'!$A:$A,0), FALSE), "") | X4: 340 | Y4: =IFERROR(HLOOKUP(X$2,'Power Summary'!$B$1:$BS$24,MATCH($A4,'Power Summary'!$A:$A,0), FALSE), "") | Z4: 545 | AA4: =IFERROR(HLOOKUP(Z$2,'Power Summary'!$B$1:$BS$24,MATCH($A4,'Power Summary'!$A:$A,0), FALSE), "") | AB4: 310 | AC4: =IFERROR(HLOOKUP(AB$2,'Power Summary'!$B$1:$BS$24,MATCH($A4,'Power Summary'!$A:$A,0), FALSE), "") | AD4: 430 | AE4: =IFERROR(HLOOKUP(AD$2,'Power Summary'!$B$1:$BS$24,MATCH($A4,'Power Summary'!$A:$A,0), FALSE), "") | AF4: 560 | AG4: =IFERROR(HLOOKUP(AF$2,'Power Summary'!$B$1:$BS$24,MATCH($A4,'Power Summary'!$A:$A,0), FALSE), "") | AH4: 110 | AI4: =IFERROR(HLOOKUP(AH$2,'Power Summary'!$B$1:$BS$24,MATCH($A4,'Power Summary'!$A:$A,0), FALSE), "") | AJ4: 45 | AK4: =IFERROR(HLOOKUP(AJ$2,'Power Summary'!$B$1:$BS$24,MATCH($A4,'Power Summary'!$A:$A,0), FALSE), "") | AL4: 110 | AM4: =IFERROR(HLOOKUP(AL$2,'Power Summary'!$B$1:$BS$24,MATCH($A4,'Power Summary'!$A:$A,0), FALSE), "") | AN4: 475 | AO4: =IFERROR(HLOOKUP(AN$2,'Power Summary'!$B$1:$BS$24,MATCH($A4,'Power Summary'!$A:$A,0), FALSE), "") | AP4: 21.3 | AQ4: =IFERROR(HLOOKUP(AP$2,'Power Summary'!$B$1:$BS$24,MATCH($A4,'Power Summary'!$A:$A,0), FALSE), "") | AR4: 17 | AS4: =IFERROR(HLOOKUP(AR$2,'Power Summary'!$B$1:$BS$24,MATCH($A4,'Power Summary'!$A:$A,0), FALSE), "") | AT4: 20 | AU4: =IFERROR(HLOOKUP(AT$2,'Power Summary'!$B$1:$BS$24,MATCH($A4,'Power Summary'!$A:$A,0), FALSE), "") | AV4: 25 | AW4: =IFERROR(HLOOKUP(AV$2,'Power Summary'!$B$1:$BS$24,MATCH($A4,'Power Summary'!$A:$A,0), FALSE), "") | AX4: 13 | AY4: =IFERROR(HLOOKUP(AX$2,'Power Summary'!$B$1:$BS$24,MATCH($A4,'Power Summary'!$A:$A,0), FALSE), "") | AZ4: 900 | BA4: =IFERROR(HLOOKUP(AZ$2,'Power Summary'!$B$1:$BS$24,MATCH($A4,'Power Summary'!$A:$A,0), FALSE), "") | BB4: 1500 | BC4: =IFERROR(HLOOKUP(BB$2,'Power Summary'!$B$1:$BS$24,MATCH($A4,'Power Summary'!$A:$A,0), FALSE), "")
A5: Memory (mW) | B5: 67 | C5: =IFERROR(HLOOKUP(B$2,'Power Summary'!$B$1:$BS$24,MATCH($A5,'Power Summary'!$A:$A,0), FALSE), "") | D5: 66 | E5: =IFERROR(HLOOKUP(D$2,'Power Summary'!$B$1:$BS$24,MATCH($A5,'Power Summary'!$A:$A,0), FALSE), "") | F5: 59 | G5: =IFERROR(HLOOKUP(F$2,'Power Summary'!$B$1:$BS$24,MATCH($A5,'Power Summary'!$A:$A,0), FALSE), "") | H5: 280 | I5: =IFERROR(HLOOKUP(H$2,'Power Summary'!$B$1:$BS$24,MATCH($A5,'Power Summary'!$A:$A,0), FALSE), "") | J5: 320 | K5: =IFERROR(HLOOKUP(J$2,'Power Summary'!$B$1:$BS$24,MATCH($A5,'Power Summary'!$A:$A,0), FALSE), "") | L5: 42 | M5: =IFERROR(HLOOKUP(L$2,'Power Summary'!$B$1:$BS$24,MATCH($A5,'Power Summary'!$A:$A,0), FALSE), "") | N5: 25 | O5: =IFERROR(HLOOKUP(N$2,'Power Summary'!$B$1:$BS$24,MATCH($A5,'Power Summary'!$A:$A,0), FALSE), "") | P5: 42 | Q5: =IFERROR(HLOOKUP(P$2,'Power Summary'!$B$1:$BS$24,MATCH($A5,'Power Summary'!$A:$A,0), FALSE), "") | R5: 23 | S5: =IFERROR(HLOOKUP(R$2,'Power Summary'!$B$1:$BS$24,MATCH($A5,'Power Summary'!$A:$A,0), FALSE), "") | T5: 31 | U5: =IFERROR(HLOOKUP(T$2,'Power Summary'!$B$1:$BS$24,MATCH($A5,'Power Summary'!$A:$A,0), FALSE), "") | V5: 49 | W5: =IFERROR(HLOOKUP(V$2,'Power Summary'!$B$1:$BS$24,MATCH($A5,'Power Summary'!$A:$A,0), FALSE), "") | X5: 52 | Y5: =IFERROR(HLOOKUP(X$2,'Power Summary'!$B$1:$BS$24,MATCH($A5,'Power Summary'!$A:$A,0), FALSE), "") | Z5: 58 | AA5: =IFERROR(HLOOKUP(Z$2,'Power Summary'!$B$1:$BS$24,MATCH($A5,'Power Summary'!$A:$A,0), FALSE), "") | AB5: 76 | AC5: =IFERROR(HLOOKUP(AB$2,'Power Summary'!$B$1:$BS$24,MATCH($A5,'Power Summary'!$A:$A,0), FALSE), "") | AD5: 48 | AE5: =IFERROR(HLOOKUP(AD$2,'Power Summary'!$B$1:$BS$24,MATCH($A5,'Power Summary'!$A:$A,0), FALSE), "") | AF5: 75 | AG5: =IFERROR(HLOOKUP(AF$2,'Power Summary'!$B$1:$BS$24,MATCH($A5,'Power Summary'!$A:$A,0), FALSE), "") | AH5: 18 | AI5: =IFERROR(HLOOKUP(AH$2,'Power Summary'!$B$1:$BS$24,MATCH($A5,'Power Summary'!$A:$A,0), FALSE), "") | AJ5: 18 | AK5: =IFERROR(HLOOKUP(AJ$2,'Power Summary'!$B$1:$BS$24,MATCH($A5,'Power Summary'!$A:$A,0), FALSE), "") | AL5: 22 | AM5: =IFERROR(HLOOKUP(AL$2,'Power Summary'!$B$1:$BS$24,MATCH($A5,'Power Summary'!$A:$A,0), FALSE), "") | AN5: 58 | AO5: =IFERROR(HLOOKUP(AN$2,'Power Summary'!$B$1:$BS$24,MATCH($A5,'Power Summary'!$A:$A,0), FALSE), "") | AP5: 10 | AQ5: =IFERROR(HLOOKUP(AP$2,'Power Summary'!$B$1:$BS$24,MATCH($A5,'Power Summary'!$A:$A,0), FALSE), "") | AR5: 9 | AS5: =IFERROR(HLOOKUP(AR$2,'Power Summary'!$B$1:$BS$24,MATCH($A5,'Power Summary'!$A:$A,0), FALSE), "") | AT5: 8 | AU5: =IFERROR(HLOOKUP(AT$2,'Power Summary'!$B$1:$BS$24,MATCH($A5,'Power Summary'!$A:$A,0), FALSE), "") | AV5: 10 | AW5: =IFERROR(HLOOKUP(AV$2,'Power Summary'!$B$1:$BS$24,MATCH($A5,'Power Summary'!$A:$A,0), FALSE), "") | AX5: 8 | AY5: =IFERROR(HLOOKUP(AX$2,'Power Summary'!$B$1:$BS$24,MATCH($A5,'Power Summary'!$A:$A,0), FALSE), "") | AZ5: 250 | BA5: =IFERROR(HLOOKUP(AZ$2,'Power Summary'!$B$1:$BS$24,MATCH($A5,'Power Summary'!$A:$A,0), FALSE), "") | BB5: 250 | BC5: =IFERROR(HLOOKUP(BB$2,'Power Summary'!$B$1:$BS$24,MATCH($A5,'Power Summary'!$A:$A,0), FALSE), "")
A6: Display (mW) | B6: 1150.8824 | C6: =IFERROR(HLOOKUP(B$2,'Power Summary'!$B$1:$BS$24,MATCH($A6,'Power Summary'!$A:$A,0), FALSE), "") | D6: 480.29412 | E6: =IFERROR(HLOOKUP(D$2,'Power Summary'!$B$1:$BS$24,MATCH($A6,'Power Summary'!$A:$A,0), FALSE), "") | F6: 1310.6554 | G6: =IFERROR(HLOOKUP(F$2,'Power Summary'!$B$1:$BS$24,MATCH($A6,'Power Summary'!$A:$A,0), FALSE), "") | H6: 397.41176 | I6: =IFERROR(HLOOKUP(H$2,'Power Summary'!$B$1:$BS$24,MATCH($A6,'Power Summary'!$A:$A,0), FALSE), "") | J6: 443.15503 | K6: =IFERROR(HLOOKUP(J$2,'Power Summary'!$B$1:$BS$24,MATCH($A6,'Power Summary'!$A:$A,0), FALSE), "") | L6: 265.88235 | M6: =IFERROR(HLOOKUP(L$2,'Power Summary'!$B$1:$BS$24,MATCH($A6,'Power Summary'!$A:$A,0), FALSE), "") | N6: 5.5076786 | O6: =IFERROR(HLOOKUP(N$2,'Power Summary'!$B$1:$BS$24,MATCH($A6,'Power Summary'!$A:$A,0), FALSE), "") | P6: 297.88235 | Q6: =IFERROR(HLOOKUP(P$2,'Power Summary'!$B$1:$BS$24,MATCH($A6,'Power Summary'!$A:$A,0), FALSE), "") | R6: 5.5076786 | S6: =IFERROR(HLOOKUP(R$2,'Power Summary'!$B$1:$BS$24,MATCH($A6,'Power Summary'!$A:$A,0), FALSE), "") | T6: 624.41176 | U6: =IFERROR(HLOOKUP(T$2,'Power Summary'!$B$1:$BS$24,MATCH($A6,'Power Summary'!$A:$A,0), FALSE), "") | V6: 394.41176 | W6: =IFERROR(HLOOKUP(V$2,'Power Summary'!$B$1:$BS$24,MATCH($A6,'Power Summary'!$A:$A,0), FALSE), "") | X6: 822.58824 | Y6: =IFERROR(HLOOKUP(X$2,'Power Summary'!$B$1:$BS$24,MATCH($A6,'Power Summary'!$A:$A,0), FALSE), "") | Z6: 770.58824 | AA6: =IFERROR(HLOOKUP(Z$2,'Power Summary'!$B$1:$BS$24,MATCH($A6,'Power Summary'!$A:$A,0), FALSE), "") | AB6: 0.20117647 | AC6: =IFERROR(HLOOKUP(AB$2,'Power Summary'!$B$1:$BS$24,MATCH($A6,'Power Summary'!$A:$A,0), FALSE), "") | AD6: 309.41176 | AE6: =IFERROR(HLOOKUP(AD$2,'Power Summary'!$B$1:$BS$24,MATCH($A6,'Power Summary'!$A:$A,0), FALSE), "") | AF6: 729.88235 | AG6: =IFERROR(HLOOKUP(AF$2,'Power Summary'!$B$1:$BS$24,MATCH($A6,'Power Summary'!$A:$A,0), FALSE), "") | AH6: 798.52941 | AI6: =IFERROR(HLOOKUP(AH$2,'Power Summary'!$B$1:$BS$24,MATCH($A6,'Power Summary'!$A:$A,0), FALSE), "") | AJ6: 798.52941 | AK6: =IFERROR(HLOOKUP(AJ$2,'Power Summary'!$B$1:$BS$24,MATCH($A6,'Power Summary'!$A:$A,0), FALSE), "") | AL6: 401.70977 | AM6: =IFERROR(HLOOKUP(AL$2,'Power Summary'!$B$1:$BS$24,MATCH($A6,'Power Summary'!$A:$A,0), FALSE), "") | AN6: 825.88235 | AO6: =IFERROR(HLOOKUP(AN$2,'Power Summary'!$B$1:$BS$24,MATCH($A6,'Power Summary'!$A:$A,0), FALSE), "") | AP6: 5.5076786 | AQ6: =IFERROR(HLOOKUP(AP$2,'Power Summary'!$B$1:$BS$24,MATCH($A6,'Power Summary'!$A:$A,0), FALSE), "") | AR6: 5.5076786 | AS6: =IFERROR(HLOOKUP(AR$2,'Power Summary'!$B$1:$BS$24,MATCH($A6,'Power Summary'!$A:$A,0), FALSE), "") | AT6: 5.5076786 | AU6: =IFERROR(HLOOKUP(AT$2,'Power Summary'!$B$1:$BS$24,MATCH($A6,'Power Summary'!$A:$A,0), FALSE), "") | AV6: 5.5076786 | AW6: =IFERROR(HLOOKUP(AV$2,'Power Summary'!$B$1:$BS$24,MATCH($A6,'Power Summary'!$A:$A,0), FALSE), "") | AX6: 5.5076786 | AY6: =IFERROR(HLOOKUP(AX$2,'Power Summary'!$B$1:$BS$24,MATCH($A6,'Power Summary'!$A:$A,0), FALSE), "") | AZ6: 700 | BA6: =IFERROR(HLOOKUP(AZ$2,'Power Summary'!$B$1:$BS$24,MATCH($A6,'Power Summary'!$A:$A,0), FALSE), "") | BB6: 700 | BC6: =IFERROR(HLOOKUP(BB$2,'Power Summary'!$B$1:$BS$24,MATCH($A6,'Power Summary'!$A:$A,0), FALSE), "")
A7: Audio (mW) | B7: 35.295294 | C7: =IFERROR(HLOOKUP(B$2,'Power Summary'!$B$1:$BS$24,MATCH($A7,'Power Summary'!$A:$A,0), FALSE), "") | D7: 11.765882 | E7: =IFERROR(HLOOKUP(D$2,'Power Summary'!$B$1:$BS$24,MATCH($A7,'Power Summary'!$A:$A,0), FALSE), "") | F7: 23.530588 | G7: =IFERROR(HLOOKUP(F$2,'Power Summary'!$B$1:$BS$24,MATCH($A7,'Power Summary'!$A:$A,0), FALSE), "") | H7: 94.118824 | I7: =IFERROR(HLOOKUP(H$2,'Power Summary'!$B$1:$BS$24,MATCH($A7,'Power Summary'!$A:$A,0), FALSE), "") | J7: 94.118824 | K7: =IFERROR(HLOOKUP(J$2,'Power Summary'!$B$1:$BS$24,MATCH($A7,'Power Summary'!$A:$A,0), FALSE), "") | L7: 94.118824 | M7: =IFERROR(HLOOKUP(L$2,'Power Summary'!$B$1:$BS$24,MATCH($A7,'Power Summary'!$A:$A,0), FALSE), "") | N7: 270.58941 | O7: =IFERROR(HLOOKUP(N$2,'Power Summary'!$B$1:$BS$24,MATCH($A7,'Power Summary'!$A:$A,0), FALSE), "") | P7: 317.64824 | Q7: =IFERROR(HLOOKUP(P$2,'Power Summary'!$B$1:$BS$24,MATCH($A7,'Power Summary'!$A:$A,0), FALSE), "") | R7: 705.88353 | S7: =IFERROR(HLOOKUP(R$2,'Power Summary'!$B$1:$BS$24,MATCH($A7,'Power Summary'!$A:$A,0), FALSE), "") | T7: 23.530588 | U7: =IFERROR(HLOOKUP(T$2,'Power Summary'!$B$1:$BS$24,MATCH($A7,'Power Summary'!$A:$A,0), FALSE), "") | V7: 4.7070588 | W7: =IFERROR(HLOOKUP(V$2,'Power Summary'!$B$1:$BS$24,MATCH($A7,'Power Summary'!$A:$A,0), FALSE), "") | X7: 4.7070588 | Y7: =IFERROR(HLOOKUP(X$2,'Power Summary'!$B$1:$BS$24,MATCH($A7,'Power Summary'!$A:$A,0), FALSE), "") | Z7: 35.295294 | AA7: =IFERROR(HLOOKUP(Z$2,'Power Summary'!$B$1:$BS$24,MATCH($A7,'Power Summary'!$A:$A,0), FALSE), "") | AB7: 17.648235 | AC7: =IFERROR(HLOOKUP(AB$2,'Power Summary'!$B$1:$BS$24,MATCH($A7,'Power Summary'!$A:$A,0), FALSE), "") | AD7: 58.824706 | AE7: =IFERROR(HLOOKUP(AD$2,'Power Summary'!$B$1:$BS$24,MATCH($A7,'Power Summary'!$A:$A,0), FALSE), "") | AF7: 18.824706 | AG7: =IFERROR(HLOOKUP(AF$2,'Power Summary'!$B$1:$BS$24,MATCH($A7,'Power Summary'!$A:$A,0), FALSE), "") | AH7: 0.0023529412 | AI7: =IFERROR(HLOOKUP(AH$2,'Power Summary'!$B$1:$BS$24,MATCH($A7,'Power Summary'!$A:$A,0), FALSE), "") | AJ7: 0.0023529412 | AK7: =IFERROR(HLOOKUP(AJ$2,'Power Summary'!$B$1:$BS$24,MATCH($A7,'Power Summary'!$A:$A,0), FALSE), "") | AL7: 0.0023529412 | AM7: =IFERROR(HLOOKUP(AL$2,'Power Summary'!$B$1:$BS$24,MATCH($A7,'Power Summary'!$A:$A,0), FALSE), "") | AN7: 23.530588 | AO7: =IFERROR(HLOOKUP(AN$2,'Power Summary'!$B$1:$BS$24,MATCH($A7,'Power Summary'!$A:$A,0), FALSE), "") | AP7: 0.0023529412 | AQ7: =IFERROR(HLOOKUP(AP$2,'Power Summary'!$B$1:$BS$24,MATCH($A7,'Power Summary'!$A:$A,0), FALSE), "") | AR7: 0.0023529412 | AS7: =IFERROR(HLOOKUP(AR$2,'Power Summary'!$B$1:$BS$24,MATCH($A7,'Power Summary'!$A:$A,0), FALSE), "") | AT7: 0.0023529412 | AU7: =IFERROR(HLOOKUP(AT$2,'Power Summary'!$B$1:$BS$24,MATCH($A7,'Power Summary'!$A:$A,0), FALSE), "") | AV7: 0.0023529412 | AW7: =IFERROR(HLOOKUP(AV$2,'Power Summary'!$B$1:$BS$24,MATCH($A7,'Power Summary'!$A:$A,0), FALSE), "") | AX7: 0.0023529412 | AY7: =IFERROR(HLOOKUP(AX$2,'Power Summary'!$B$1:$BS$24,MATCH($A7,'Power Summary'!$A:$A,0), FALSE), "") | AZ7: 2.3541176 | BA7: =IFERROR(HLOOKUP(AZ$2,'Power Summary'!$B$1:$BS$24,MATCH($A7,'Power Summary'!$A:$A,0), FALSE), "") | BB7: 2.3541176 | BC7: =IFERROR(HLOOKUP(BB$2,'Power Summary'!$B$1:$BS$24,MATCH($A7,'Power Summary'!$A:$A,0), FALSE), "")
A8: Touch (mW) | B8: 69 | C8: =IFERROR(HLOOKUP(B$2,'Power Summary'!$B$1:$BS$24,MATCH($A8,'Power Summary'!$A:$A,0), FALSE), "") | D8: 49 | E8: =IFERROR(HLOOKUP(D$2,'Power Summary'!$B$1:$BS$24,MATCH($A8,'Power Summary'!$A:$A,0), FALSE), "") | F8: 69 | G8: =IFERROR(HLOOKUP(F$2,'Power Summary'!$B$1:$BS$24,MATCH($A8,'Power Summary'!$A:$A,0), FALSE), "") | H8: 49 | I8: =IFERROR(HLOOKUP(H$2,'Power Summary'!$B$1:$BS$24,MATCH($A8,'Power Summary'!$A:$A,0), FALSE), "") | J8: 49 | K8: =IFERROR(HLOOKUP(J$2,'Power Summary'!$B$1:$BS$24,MATCH($A8,'Power Summary'!$A:$A,0), FALSE), "") | L8: 49 | M8: =IFERROR(HLOOKUP(L$2,'Power Summary'!$B$1:$BS$24,MATCH($A8,'Power Summary'!$A:$A,0), FALSE), "") | N8: 0.4 | O8: =IFERROR(HLOOKUP(N$2,'Power Summary'!$B$1:$BS$24,MATCH($A8,'Power Summary'!$A:$A,0), FALSE), "") | P8: 49 | Q8: =IFERROR(HLOOKUP(P$2,'Power Summary'!$B$1:$BS$24,MATCH($A8,'Power Summary'!$A:$A,0), FALSE), "") | R8: 0.4 | S8: =IFERROR(HLOOKUP(R$2,'Power Summary'!$B$1:$BS$24,MATCH($A8,'Power Summary'!$A:$A,0), FALSE), "") | T8: 49 | U8: =IFERROR(HLOOKUP(T$2,'Power Summary'!$B$1:$BS$24,MATCH($A8,'Power Summary'!$A:$A,0), FALSE), "") | V8: 49 | W8: =IFERROR(HLOOKUP(V$2,'Power Summary'!$B$1:$BS$24,MATCH($A8,'Power Summary'!$A:$A,0), FALSE), "") | X8: 69 | Y8: =IFERROR(HLOOKUP(X$2,'Power Summary'!$B$1:$BS$24,MATCH($A8,'Power Summary'!$A:$A,0), FALSE), "") | Z8: 69 | AA8: =IFERROR(HLOOKUP(Z$2,'Power Summary'!$B$1:$BS$24,MATCH($A8,'Power Summary'!$A:$A,0), FALSE), "") | AB8: 0.4 | AC8: =IFERROR(HLOOKUP(AB$2,'Power Summary'!$B$1:$BS$24,MATCH($A8,'Power Summary'!$A:$A,0), FALSE), "") | AD8: 49 | AE8: =IFERROR(HLOOKUP(AD$2,'Power Summary'!$B$1:$BS$24,MATCH($A8,'Power Summary'!$A:$A,0), FALSE), "") | AF8: 69 | AG8: =IFERROR(HLOOKUP(AF$2,'Power Summary'!$B$1:$BS$24,MATCH($A8,'Power Summary'!$A:$A,0), FALSE), "") | AH8: 69 | AI8: =IFERROR(HLOOKUP(AH$2,'Power Summary'!$B$1:$BS$24,MATCH($A8,'Power Summary'!$A:$A,0), FALSE), "") | AJ8: 69 | AK8: =IFERROR(HLOOKUP(AJ$2,'Power Summary'!$B$1:$BS$24,MATCH($A8,'Power Summary'!$A:$A,0), FALSE), "") | AL8: 49 | AM8: =IFERROR(HLOOKUP(AL$2,'Power Summary'!$B$1:$BS$24,MATCH($A8,'Power Summary'!$A:$A,0), FALSE), "") | AN8: 64 | AO8: =IFERROR(HLOOKUP(AN$2,'Power Summary'!$B$1:$BS$24,MATCH($A8,'Power Summary'!$A:$A,0), FALSE), "") | AP8: 0.4 | AQ8: =IFERROR(HLOOKUP(AP$2,'Power Summary'!$B$1:$BS$24,MATCH($A8,'Power Summary'!$A:$A,0), FALSE), "") | AR8: 0.4 | AS8: =IFERROR(HLOOKUP(AR$2,'Power Summary'!$B$1:$BS$24,MATCH($A8,'Power Summary'!$A:$A,0), FALSE), "") | AT8: 0.4 | AU8: =IFERROR(HLOOKUP(AT$2,'Power Summary'!$B$1:$BS$24,MATCH($A8,'Power Summary'!$A:$A,0), FALSE), "") | AV8: 0.4 | AW8: =IFERROR(HLOOKUP(AV$2,'Power Summary'!$B$1:$BS$24,MATCH($A8,'Power Summary'!$A:$A,0), FALSE), "") | AX8: 0.4 | AY8: =IFERROR(HLOOKUP(AX$2,'Power Summary'!$B$1:$BS$24,MATCH($A8,'Power Summary'!$A:$A,0), FALSE), "") | AZ8: 69 | BA8: =IFERROR(HLOOKUP(AZ$2,'Power Summary'!$B$1:$BS$24,MATCH($A8,'Power Summary'!$A:$A,0), FALSE), "") | BB8: 69 | BC8: =IFERROR(HLOOKUP(BB$2,'Power Summary'!$B$1:$BS$24,MATCH($A8,'Power Summary'!$A:$A,0), FALSE), "")
A9: Storage (mW) | B9: 7.8294118 | C9: =IFERROR(HLOOKUP(B$2,'Power Summary'!$B$1:$BS$24,MATCH($A9,'Power Summary'!$A:$A,0), FALSE), "") | D9: 4.6976471 | E9: =IFERROR(HLOOKUP(D$2,'Power Summary'!$B$1:$BS$24,MATCH($A9,'Power Summary'!$A:$A,0), FALSE), "") | F9: 7.8294118 | G9: =IFERROR(HLOOKUP(F$2,'Power Summary'!$B$1:$BS$24,MATCH($A9,'Power Summary'!$A:$A,0), FALSE), "") | H9: 3.1317647 | I9: =IFERROR(HLOOKUP(H$2,'Power Summary'!$B$1:$BS$24,MATCH($A9,'Power Summary'!$A:$A,0), FALSE), "") | J9: 7.8294118 | K9: =IFERROR(HLOOKUP(J$2,'Power Summary'!$B$1:$BS$24,MATCH($A9,'Power Summary'!$A:$A,0), FALSE), "") | L9: 4.6976471 | M9: =IFERROR(HLOOKUP(L$2,'Power Summary'!$B$1:$BS$24,MATCH($A9,'Power Summary'!$A:$A,0), FALSE), "") | N9: 4.6976471 | O9: =IFERROR(HLOOKUP(N$2,'Power Summary'!$B$1:$BS$24,MATCH($A9,'Power Summary'!$A:$A,0), FALSE), "") | P9: 4.6976471 | Q9: =IFERROR(HLOOKUP(P$2,'Power Summary'!$B$1:$BS$24,MATCH($A9,'Power Summary'!$A:$A,0), FALSE), "") | R9: 4.6976471 | S9: =IFERROR(HLOOKUP(R$2,'Power Summary'!$B$1:$BS$24,MATCH($A9,'Power Summary'!$A:$A,0), FALSE), "") | T9: 4.6976471 | U9: =IFERROR(HLOOKUP(T$2,'Power Summary'!$B$1:$BS$24,MATCH($A9,'Power Summary'!$A:$A,0), FALSE), "") | V9: 4.6976471 | W9: =IFERROR(HLOOKUP(V$2,'Power Summary'!$B$1:$BS$24,MATCH($A9,'Power Summary'!$A:$A,0), FALSE), "") | X9: 4.6976471 | Y9: =IFERROR(HLOOKUP(X$2,'Power Summary'!$B$1:$BS$24,MATCH($A9,'Power Summary'!$A:$A,0), FALSE), "") | Z9: 7.8294118 | AA9: =IFERROR(HLOOKUP(Z$2,'Power Summary'!$B$1:$BS$24,MATCH($A9,'Power Summary'!$A:$A,0), FALSE), "") | AB9: 4.6976471 | AC9: =IFERROR(HLOOKUP(AB$2,'Power Summary'!$B$1:$BS$24,MATCH($A9,'Power Summary'!$A:$A,0), FALSE), "") | AD9: 7.8294118 | AE9: =IFERROR(HLOOKUP(AD$2,'Power Summary'!$B$1:$BS$24,MATCH($A9,'Power Summary'!$A:$A,0), FALSE), "") | AF9: 12.527059 | AG9: =IFERROR(HLOOKUP(AF$2,'Power Summary'!$B$1:$BS$24,MATCH($A9,'Power Summary'!$A:$A,0), FALSE), "") | AH9: 3.1317647 | AI9: =IFERROR(HLOOKUP(AH$2,'Power Summary'!$B$1:$BS$24,MATCH($A9,'Power Summary'!$A:$A,0), FALSE), "") | AJ9: 3.1317647 | AK9: =IFERROR(HLOOKUP(AJ$2,'Power Summary'!$B$1:$BS$24,MATCH($A9,'Power Summary'!$A:$A,0), FALSE), "") | AL9: 3.1317647 | AM9: =IFERROR(HLOOKUP(AL$2,'Power Summary'!$B$1:$BS$24,MATCH($A9,'Power Summary'!$A:$A,0), FALSE), "") | AN9: 23.488235 | AO9: =IFERROR(HLOOKUP(AN$2,'Power Summary'!$B$1:$BS$24,MATCH($A9,'Power Summary'!$A:$A,0), FALSE), "") | AP9: 2.5711224 | AQ9: =IFERROR(HLOOKUP(AP$2,'Power Summary'!$B$1:$BS$24,MATCH($A9,'Power Summary'!$A:$A,0), FALSE), "") | AR9: 2.5711224 | AS9: =IFERROR(HLOOKUP(AR$2,'Power Summary'!$B$1:$BS$24,MATCH($A9,'Power Summary'!$A:$A,0), FALSE), "") | AT9: 2.5711224 | AU9: =IFERROR(HLOOKUP(AT$2,'Power Summary'!$B$1:$BS$24,MATCH($A9,'Power Summary'!$A:$A,0), FALSE), "") | AV9: 2.5711224 | AW9: =IFERROR(HLOOKUP(AV$2,'Power Summary'!$B$1:$BS$24,MATCH($A9,'Power Summary'!$A:$A,0), FALSE), "") | AX9: 2.5711224 | AY9: =IFERROR(HLOOKUP(AX$2,'Power Summary'!$B$1:$BS$24,MATCH($A9,'Power Summary'!$A:$A,0), FALSE), "") | AZ9: 7.8294118 | BA9: =IFERROR(HLOOKUP(AZ$2,'Power Summary'!$B$1:$BS$24,MATCH($A9,'Power Summary'!$A:$A,0), FALSE), "") | BB9: 15.658824 | BC9: =IFERROR(HLOOKUP(BB$2,'Power Summary'!$B$1:$BS$24,MATCH($A9,'Power Summary'!$A:$A,0), FALSE), "")
A10: Camera (mW) | B10: 0.11764706 | C10: =IFERROR(HLOOKUP(B$2,'Power Summary'!$B$1:$BS$24,MATCH($A10,'Power Summary'!$A:$A,0), FALSE), "") | D10: 0.11764706 | E10: =IFERROR(HLOOKUP(D$2,'Power Summary'!$B$1:$BS$24,MATCH($A10,'Power Summary'!$A:$A,0), FALSE), "") | F10: 0.11764706 | G10: =IFERROR(HLOOKUP(F$2,'Power Summary'!$B$1:$BS$24,MATCH($A10,'Power Summary'!$A:$A,0), FALSE), "") | H10: 349.29412 | I10: =IFERROR(HLOOKUP(H$2,'Power Summary'!$B$1:$BS$24,MATCH($A10,'Power Summary'!$A:$A,0), FALSE), "") | J10: 0.11764706 | K10: =IFERROR(HLOOKUP(J$2,'Power Summary'!$B$1:$BS$24,MATCH($A10,'Power Summary'!$A:$A,0), FALSE), "") | L10: 0.11764706 | M10: =IFERROR(HLOOKUP(L$2,'Power Summary'!$B$1:$BS$24,MATCH($A10,'Power Summary'!$A:$A,0), FALSE), "") | N10: 0.11764706 | O10: =IFERROR(HLOOKUP(N$2,'Power Summary'!$B$1:$BS$24,MATCH($A10,'Power Summary'!$A:$A,0), FALSE), "") | P10: 0.11764706 | Q10: =IFERROR(HLOOKUP(P$2,'Power Summary'!$B$1:$BS$24,MATCH($A10,'Power Summary'!$A:$A,0), FALSE), "") | R10: 0.11764706 | S10: =IFERROR(HLOOKUP(R$2,'Power Summary'!$B$1:$BS$24,MATCH($A10,'Power Summary'!$A:$A,0), FALSE), "") | T10: 0.11764706 | U10: =IFERROR(HLOOKUP(T$2,'Power Summary'!$B$1:$BS$24,MATCH($A10,'Power Summary'!$A:$A,0), FALSE), "") | V10: 0.11764706 | W10: =IFERROR(HLOOKUP(V$2,'Power Summary'!$B$1:$BS$24,MATCH($A10,'Power Summary'!$A:$A,0), FALSE), "") | X10: 0.11764706 | Y10: =IFERROR(HLOOKUP(X$2,'Power Summary'!$B$1:$BS$24,MATCH($A10,'Power Summary'!$A:$A,0), FALSE), "") | Z10: 0.11764706 | AA10: =IFERROR(HLOOKUP(Z$2,'Power Summary'!$B$1:$BS$24,MATCH($A10,'Power Summary'!$A:$A,0), FALSE), "") | AB10: 0.11764706 | AC10: =IFERROR(HLOOKUP(AB$2,'Power Summary'!$B$1:$BS$24,MATCH($A10,'Power Summary'!$A:$A,0), FALSE), "") | AD10: 0.11764706 | AE10: =IFERROR(HLOOKUP(AD$2,'Power Summary'!$B$1:$BS$24,MATCH($A10,'Power Summary'!$A:$A,0), FALSE), "") | AF10: 0.11764706 | AG10: =IFERROR(HLOOKUP(AF$2,'Power Summary'!$B$1:$BS$24,MATCH($A10,'Power Summary'!$A:$A,0), FALSE), "") | AH10: 0.11764706 | AI10: =IFERROR(HLOOKUP(AH$2,'Power Summary'!$B$1:$BS$24,MATCH($A10,'Power Summary'!$A:$A,0), FALSE), "") | AJ10: 0.11764706 | AK10: =IFERROR(HLOOKUP(AJ$2,'Power Summary'!$B$1:$BS$24,MATCH($A10,'Power Summary'!$A:$A,0), FALSE), "") | AL10: 0.11764706 | AM10: =IFERROR(HLOOKUP(AL$2,'Power Summary'!$B$1:$BS$24,MATCH($A10,'Power Summary'!$A:$A,0), FALSE), "") | AN10: 0.0011764706 | AO10: =IFERROR(HLOOKUP(AN$2,'Power Summary'!$B$1:$BS$24,MATCH($A10,'Power Summary'!$A:$A,0), FALSE), "") | AP10: 0.0011764706 | AQ10: =IFERROR(HLOOKUP(AP$2,'Power Summary'!$B$1:$BS$24,MATCH($A10,'Power Summary'!$A:$A,0), FALSE), "") | AR10: 0.0011764706 | AS10: =IFERROR(HLOOKUP(AR$2,'Power Summary'!$B$1:$BS$24,MATCH($A10,'Power Summary'!$A:$A,0), FALSE), "") | AT10: 0.0011764706 | AU10: =IFERROR(HLOOKUP(AT$2,'Power Summary'!$B$1:$BS$24,MATCH($A10,'Power Summary'!$A:$A,0), FALSE), "") | AV10: 0.0011764706 | AW10: =IFERROR(HLOOKUP(AV$2,'Power Summary'!$B$1:$BS$24,MATCH($A10,'Power Summary'!$A:$A,0), FALSE), "") | AX10: 0.0011764706 | AY10: =IFERROR(HLOOKUP(AX$2,'Power Summary'!$B$1:$BS$24,MATCH($A10,'Power Summary'!$A:$A,0), FALSE), "") | AZ10: 350 | BA10: =IFERROR(HLOOKUP(AZ$2,'Power Summary'!$B$1:$BS$24,MATCH($A10,'Power Summary'!$A:$A,0), FALSE), "") | BB10: 850 | BC10: =IFERROR(HLOOKUP(BB$2,'Power Summary'!$B$1:$BS$24,MATCH($A10,'Power Summary'!$A:$A,0), FALSE), "")
A11: Radio (mW) | B11: 141.29412 | C11: =IFERROR(HLOOKUP(B$2,'Power Summary'!$B$1:$BS$24,MATCH($A11,'Power Summary'!$A:$A,0), FALSE), "") | D11: 114.82353 | E11: =IFERROR(HLOOKUP(D$2,'Power Summary'!$B$1:$BS$24,MATCH($A11,'Power Summary'!$A:$A,0), FALSE), "") | F11: 114.82353 | G11: =IFERROR(HLOOKUP(F$2,'Power Summary'!$B$1:$BS$24,MATCH($A11,'Power Summary'!$A:$A,0), FALSE), "") | H11: 176.58824 | I11: =IFERROR(HLOOKUP(H$2,'Power Summary'!$B$1:$BS$24,MATCH($A11,'Power Summary'!$A:$A,0), FALSE), "") | J11: 79.529412 | K11: =IFERROR(HLOOKUP(J$2,'Power Summary'!$B$1:$BS$24,MATCH($A11,'Power Summary'!$A:$A,0), FALSE), "") | L11: 1 | M11: =IFERROR(HLOOKUP(L$2,'Power Summary'!$B$1:$BS$24,MATCH($A11,'Power Summary'!$A:$A,0), FALSE), "") | N11: 35.411765 | O11: =IFERROR(HLOOKUP(N$2,'Power Summary'!$B$1:$BS$24,MATCH($A11,'Power Summary'!$A:$A,0), FALSE), "") | P11: 70.705882 | Q11: =IFERROR(HLOOKUP(P$2,'Power Summary'!$B$1:$BS$24,MATCH($A11,'Power Summary'!$A:$A,0), FALSE), "") | R11: 1 | S11: =IFERROR(HLOOKUP(R$2,'Power Summary'!$B$1:$BS$24,MATCH($A11,'Power Summary'!$A:$A,0), FALSE), "") | T11: 106 | U11: =IFERROR(HLOOKUP(T$2,'Power Summary'!$B$1:$BS$24,MATCH($A11,'Power Summary'!$A:$A,0), FALSE), "") | V11: 88.352941 | W11: =IFERROR(HLOOKUP(V$2,'Power Summary'!$B$1:$BS$24,MATCH($A11,'Power Summary'!$A:$A,0), FALSE), "") | X11: 88.352941 | Y11: =IFERROR(HLOOKUP(X$2,'Power Summary'!$B$1:$BS$24,MATCH($A11,'Power Summary'!$A:$A,0), FALSE), "") | Z11: 97.176471 | AA11: =IFERROR(HLOOKUP(Z$2,'Power Summary'!$B$1:$BS$24,MATCH($A11,'Power Summary'!$A:$A,0), FALSE), "") | AB11: 132.47059 | AC11: =IFERROR(HLOOKUP(AB$2,'Power Summary'!$B$1:$BS$24,MATCH($A11,'Power Summary'!$A:$A,0), FALSE), "") | AD11: 158.94118 | AE11: =IFERROR(HLOOKUP(AD$2,'Power Summary'!$B$1:$BS$24,MATCH($A11,'Power Summary'!$A:$A,0), FALSE), "") | AF11: 123.64706 | AG11: =IFERROR(HLOOKUP(AF$2,'Power Summary'!$B$1:$BS$24,MATCH($A11,'Power Summary'!$A:$A,0), FALSE), "") | AH11: 1 | AI11: =IFERROR(HLOOKUP(AH$2,'Power Summary'!$B$1:$BS$24,MATCH($A11,'Power Summary'!$A:$A,0), FALSE), "") | AJ11: 1 | AK11: =IFERROR(HLOOKUP(AJ$2,'Power Summary'!$B$1:$BS$24,MATCH($A11,'Power Summary'!$A:$A,0), FALSE), "") | AL11: 1 | AM11: =IFERROR(HLOOKUP(AL$2,'Power Summary'!$B$1:$BS$24,MATCH($A11,'Power Summary'!$A:$A,0), FALSE), "") | AN11: 114.82353 | AO11: =IFERROR(HLOOKUP(AN$2,'Power Summary'!$B$1:$BS$24,MATCH($A11,'Power Summary'!$A:$A,0), FALSE), "") | AP11: 3.6470588 | AQ11: =IFERROR(HLOOKUP(AP$2,'Power Summary'!$B$1:$BS$24,MATCH($A11,'Power Summary'!$A:$A,0), FALSE), "") | AR11: 3.6470588 | AS11: =IFERROR(HLOOKUP(AR$2,'Power Summary'!$B$1:$BS$24,MATCH($A11,'Power Summary'!$A:$A,0), FALSE), "") | AT11: 3.6470588 | AU11: =IFERROR(HLOOKUP(AT$2,'Power Summary'!$B$1:$BS$24,MATCH($A11,'Power Summary'!$A:$A,0), FALSE), "") | AV11: 3.6470588 | AW11: =IFERROR(HLOOKUP(AV$2,'Power Summary'!$B$1:$BS$24,MATCH($A11,'Power Summary'!$A:$A,0), FALSE), "") | AX11: 1 | AY11: =IFERROR(HLOOKUP(AX$2,'Power Summary'!$B$1:$BS$24,MATCH($A11,'Power Summary'!$A:$A,0), FALSE), "") | AZ11: 1 | BA11: =IFERROR(HLOOKUP(AZ$2,'Power Summary'!$B$1:$BS$24,MATCH($A11,'Power Summary'!$A:$A,0), FALSE), "") | BB11: 1 | BC11: =IFERROR(HLOOKUP(BB$2,'Power Summary'!$B$1:$BS$24,MATCH($A11,'Power Summary'!$A:$A,0), FALSE), "")
A12: WiFiBT (mW) | B12: 148.5 | C12: =IFERROR(HLOOKUP(B$2,'Power Summary'!$B$1:$BS$24,MATCH($A12,'Power Summary'!$A:$A,0), FALSE), "") | D12: 93.5 | E12: =IFERROR(HLOOKUP(D$2,'Power Summary'!$B$1:$BS$24,MATCH($A12,'Power Summary'!$A:$A,0), FALSE), "") | F12: 99 | G12: =IFERROR(HLOOKUP(F$2,'Power Summary'!$B$1:$BS$24,MATCH($A12,'Power Summary'!$A:$A,0), FALSE), "") | H12: 330 | I12: =IFERROR(HLOOKUP(H$2,'Power Summary'!$B$1:$BS$24,MATCH($A12,'Power Summary'!$A:$A,0), FALSE), "") | J12: 60.5 | K12: =IFERROR(HLOOKUP(J$2,'Power Summary'!$B$1:$BS$24,MATCH($A12,'Power Summary'!$A:$A,0), FALSE), "") | L12: 33 | M12: =IFERROR(HLOOKUP(L$2,'Power Summary'!$B$1:$BS$24,MATCH($A12,'Power Summary'!$A:$A,0), FALSE), "") | N12: 10 | O12: =IFERROR(HLOOKUP(N$2,'Power Summary'!$B$1:$BS$24,MATCH($A12,'Power Summary'!$A:$A,0), FALSE), "") | P12: 49.5 | Q12: =IFERROR(HLOOKUP(P$2,'Power Summary'!$B$1:$BS$24,MATCH($A12,'Power Summary'!$A:$A,0), FALSE), "") | R12: 0.5 | S12: =IFERROR(HLOOKUP(R$2,'Power Summary'!$B$1:$BS$24,MATCH($A12,'Power Summary'!$A:$A,0), FALSE), "") | T12: 88 | U12: =IFERROR(HLOOKUP(T$2,'Power Summary'!$B$1:$BS$24,MATCH($A12,'Power Summary'!$A:$A,0), FALSE), "") | V12: 55 | W12: =IFERROR(HLOOKUP(V$2,'Power Summary'!$B$1:$BS$24,MATCH($A12,'Power Summary'!$A:$A,0), FALSE), "") | X12: 55 | Y12: =IFERROR(HLOOKUP(X$2,'Power Summary'!$B$1:$BS$24,MATCH($A12,'Power Summary'!$A:$A,0), FALSE), "") | Z12: 71.5 | AA12: =IFERROR(HLOOKUP(Z$2,'Power Summary'!$B$1:$BS$24,MATCH($A12,'Power Summary'!$A:$A,0), FALSE), "") | AB12: 15 | AC12: =IFERROR(HLOOKUP(AB$2,'Power Summary'!$B$1:$BS$24,MATCH($A12,'Power Summary'!$A:$A,0), FALSE), "") | AD12: 132 | AE12: =IFERROR(HLOOKUP(AD$2,'Power Summary'!$B$1:$BS$24,MATCH($A12,'Power Summary'!$A:$A,0), FALSE), "") | AF12: 143 | AG12: =IFERROR(HLOOKUP(AF$2,'Power Summary'!$B$1:$BS$24,MATCH($A12,'Power Summary'!$A:$A,0), FALSE), "") | AH12: 38.5 | AI12: =IFERROR(HLOOKUP(AH$2,'Power Summary'!$B$1:$BS$24,MATCH($A12,'Power Summary'!$A:$A,0), FALSE), "") | AJ12: 1.1 | AK12: =IFERROR(HLOOKUP(AJ$2,'Power Summary'!$B$1:$BS$24,MATCH($A12,'Power Summary'!$A:$A,0), FALSE), "") | AL12: 38.5 | AM12: =IFERROR(HLOOKUP(AL$2,'Power Summary'!$B$1:$BS$24,MATCH($A12,'Power Summary'!$A:$A,0), FALSE), "") | AN12: 82.5 | AO12: =IFERROR(HLOOKUP(AN$2,'Power Summary'!$B$1:$BS$24,MATCH($A12,'Power Summary'!$A:$A,0), FALSE), "") | AP12: 10 | AQ12: =IFERROR(HLOOKUP(AP$2,'Power Summary'!$B$1:$BS$24,MATCH($A12,'Power Summary'!$A:$A,0), FALSE), "") | AR12: 10 | AS12: =IFERROR(HLOOKUP(AR$2,'Power Summary'!$B$1:$BS$24,MATCH($A12,'Power Summary'!$A:$A,0), FALSE), "") | AT12: 3 | AU12: =IFERROR(HLOOKUP(AT$2,'Power Summary'!$B$1:$BS$24,MATCH($A12,'Power Summary'!$A:$A,0), FALSE), "") | AV12: 3 | AW12: =IFERROR(HLOOKUP(AV$2,'Power Summary'!$B$1:$BS$24,MATCH($A12,'Power Summary'!$A:$A,0), FALSE), "") | AX12: 1 | AY12: =IFERROR(HLOOKUP(AX$2,'Power Summary'!$B$1:$BS$24,MATCH($A12,'Power Summary'!$A:$A,0), FALSE), "") | AZ12: 5.5 | BA12: =IFERROR(HLOOKUP(AZ$2,'Power Summary'!$B$1:$BS$24,MATCH($A12,'Power Summary'!$A:$A,0), FALSE), "") | BB12: 5.5 | BC12: =IFERROR(HLOOKUP(BB$2,'Power Summary'!$B$1:$BS$24,MATCH($A12,'Power Summary'!$A:$A,0), FALSE), "")
A13: Fingerprint (mW) | B13: 0.0065647059 | C13: =IFERROR(HLOOKUP(B$2,'Power Summary'!$B$1:$BS$24,MATCH($A13,'Power Summary'!$A:$A,0), FALSE), "") | D13: 0.0065647059 | E13: =IFERROR(HLOOKUP(D$2,'Power Summary'!$B$1:$BS$24,MATCH($A13,'Power Summary'!$A:$A,0), FALSE), "") | F13: 0.0065647059 | G13: =IFERROR(HLOOKUP(F$2,'Power Summary'!$B$1:$BS$24,MATCH($A13,'Power Summary'!$A:$A,0), FALSE), "") | H13: 0.0065647059 | I13: =IFERROR(HLOOKUP(H$2,'Power Summary'!$B$1:$BS$24,MATCH($A13,'Power Summary'!$A:$A,0), FALSE), "") | J13: 0.0065647059 | K13: =IFERROR(HLOOKUP(J$2,'Power Summary'!$B$1:$BS$24,MATCH($A13,'Power Summary'!$A:$A,0), FALSE), "") | L13: 0.0065647059 | M13: =IFERROR(HLOOKUP(L$2,'Power Summary'!$B$1:$BS$24,MATCH($A13,'Power Summary'!$A:$A,0), FALSE), "") | N13: 0.0065647059 | O13: =IFERROR(HLOOKUP(N$2,'Power Summary'!$B$1:$BS$24,MATCH($A13,'Power Summary'!$A:$A,0), FALSE), "") | P13: 0.0065647059 | Q13: =IFERROR(HLOOKUP(P$2,'Power Summary'!$B$1:$BS$24,MATCH($A13,'Power Summary'!$A:$A,0), FALSE), "") | R13: 0.0065647059 | S13: =IFERROR(HLOOKUP(R$2,'Power Summary'!$B$1:$BS$24,MATCH($A13,'Power Summary'!$A:$A,0), FALSE), "") | T13: 0.0065647059 | U13: =IFERROR(HLOOKUP(T$2,'Power Summary'!$B$1:$BS$24,MATCH($A13,'Power Summary'!$A:$A,0), FALSE), "") | V13: 0.0065647059 | W13: =IFERROR(HLOOKUP(V$2,'Power Summary'!$B$1:$BS$24,MATCH($A13,'Power Summary'!$A:$A,0), FALSE), "") | X13: 0.0065647059 | Y13: =IFERROR(HLOOKUP(X$2,'Power Summary'!$B$1:$BS$24,MATCH($A13,'Power Summary'!$A:$A,0), FALSE), "") | Z13: 0.0065647059 | AA13: =IFERROR(HLOOKUP(Z$2,'Power Summary'!$B$1:$BS$24,MATCH($A13,'Power Summary'!$A:$A,0), FALSE), "") | AB13: 0.0065647059 | AC13: =IFERROR(HLOOKUP(AB$2,'Power Summary'!$B$1:$BS$24,MATCH($A13,'Power Summary'!$A:$A,0), FALSE), "") | AD13: 0.0065647059 | AE13: =IFERROR(HLOOKUP(AD$2,'Power Summary'!$B$1:$BS$24,MATCH($A13,'Power Summary'!$A:$A,0), FALSE), "") | AF13: 0.0065647059 | AG13: =IFERROR(HLOOKUP(AF$2,'Power Summary'!$B$1:$BS$24,MATCH($A13,'Power Summary'!$A:$A,0), FALSE), "") | AH13: 0.0065647059 | AI13: =IFERROR(HLOOKUP(AH$2,'Power Summary'!$B$1:$BS$24,MATCH($A13,'Power Summary'!$A:$A,0), FALSE), "") | AJ13: 0.0065647059 | AK13: =IFERROR(HLOOKUP(AJ$2,'Power Summary'!$B$1:$BS$24,MATCH($A13,'Power Summary'!$A:$A,0), FALSE), "") | AL13: 0.0065647059 | AM13: =IFERROR(HLOOKUP(AL$2,'Power Summary'!$B$1:$BS$24,MATCH($A13,'Power Summary'!$A:$A,0), FALSE), "") | AN13: 0.0065647059 | AO13: =IFERROR(HLOOKUP(AN$2,'Power Summary'!$B$1:$BS$24,MATCH($A13,'Power Summary'!$A:$A,0), FALSE), "") | AP13: 0.0065647059 | AQ13: =IFERROR(HLOOKUP(AP$2,'Power Summary'!$B$1:$BS$24,MATCH($A13,'Power Summary'!$A:$A,0), FALSE), "") | AR13: 0.0065647059 | AS13: =IFERROR(HLOOKUP(AR$2,'Power Summary'!$B$1:$BS$24,MATCH($A13,'Power Summary'!$A:$A,0), FALSE), "") | AT13: 0.0065647059 | AU13: =IFERROR(HLOOKUP(AT$2,'Power Summary'!$B$1:$BS$24,MATCH($A13,'Power Summary'!$A:$A,0), FALSE), "") | AV13: 0.0065647059 | AW13: =IFERROR(HLOOKUP(AV$2,'Power Summary'!$B$1:$BS$24,MATCH($A13,'Power Summary'!$A:$A,0), FALSE), "") | AX13: 0.0065647059 | AY13: =IFERROR(HLOOKUP(AX$2,'Power Summary'!$B$1:$BS$24,MATCH($A13,'Power Summary'!$A:$A,0), FALSE), "") | AZ13: 0.0065647059 | BA13: =IFERROR(HLOOKUP(AZ$2,'Power Summary'!$B$1:$BS$24,MATCH($A13,'Power Summary'!$A:$A,0), FALSE), "") | BB13: 0.0065647059 | BC13: =IFERROR(HLOOKUP(BB$2,'Power Summary'!$B$1:$BS$24,MATCH($A13,'Power Summary'!$A:$A,0), FALSE), "")
A14: Haptics (mW) | B14: 0.001 | C14: =IFERROR(HLOOKUP(B$2,'Power Summary'!$B$1:$BS$24,MATCH($A14,'Power Summary'!$A:$A,0), FALSE), "") | D14: 0.001 | E14: =IFERROR(HLOOKUP(D$2,'Power Summary'!$B$1:$BS$24,MATCH($A14,'Power Summary'!$A:$A,0), FALSE), "") | F14: 0.001 | G14: =IFERROR(HLOOKUP(F$2,'Power Summary'!$B$1:$BS$24,MATCH($A14,'Power Summary'!$A:$A,0), FALSE), "") | H14: 0.001 | I14: =IFERROR(HLOOKUP(H$2,'Power Summary'!$B$1:$BS$24,MATCH($A14,'Power Summary'!$A:$A,0), FALSE), "") | J14: 0.001 | K14: =IFERROR(HLOOKUP(J$2,'Power Summary'!$B$1:$BS$24,MATCH($A14,'Power Summary'!$A:$A,0), FALSE), "") | L14: 0.001 | M14: =IFERROR(HLOOKUP(L$2,'Power Summary'!$B$1:$BS$24,MATCH($A14,'Power Summary'!$A:$A,0), FALSE), "") | N14: 0.001 | O14: =IFERROR(HLOOKUP(N$2,'Power Summary'!$B$1:$BS$24,MATCH($A14,'Power Summary'!$A:$A,0), FALSE), "") | P14: 0.001 | Q14: =IFERROR(HLOOKUP(P$2,'Power Summary'!$B$1:$BS$24,MATCH($A14,'Power Summary'!$A:$A,0), FALSE), "") | R14: 0.001 | S14: =IFERROR(HLOOKUP(R$2,'Power Summary'!$B$1:$BS$24,MATCH($A14,'Power Summary'!$A:$A,0), FALSE), "") | T14: 0.001 | U14: =IFERROR(HLOOKUP(T$2,'Power Summary'!$B$1:$BS$24,MATCH($A14,'Power Summary'!$A:$A,0), FALSE), "") | V14: 0.001 | W14: =IFERROR(HLOOKUP(V$2,'Power Summary'!$B$1:$BS$24,MATCH($A14,'Power Summary'!$A:$A,0), FALSE), "") | X14: 0.001 | Y14: =IFERROR(HLOOKUP(X$2,'Power Summary'!$B$1:$BS$24,MATCH($A14,'Power Summary'!$A:$A,0), FALSE), "") | Z14: 0.001 | AA14: =IFERROR(HLOOKUP(Z$2,'Power Summary'!$B$1:$BS$24,MATCH($A14,'Power Summary'!$A:$A,0), FALSE), "") | AB14: 0.001 | AC14: =IFERROR(HLOOKUP(AB$2,'Power Summary'!$B$1:$BS$24,MATCH($A14,'Power Summary'!$A:$A,0), FALSE), "") | AD14: 0.001 | AE14: =IFERROR(HLOOKUP(AD$2,'Power Summary'!$B$1:$BS$24,MATCH($A14,'Power Summary'!$A:$A,0), FALSE), "") | AF14: 0.001 | AG14: =IFERROR(HLOOKUP(AF$2,'Power Summary'!$B$1:$BS$24,MATCH($A14,'Power Summary'!$A:$A,0), FALSE), "") | AH14: 0.001 | AI14: =IFERROR(HLOOKUP(AH$2,'Power Summary'!$B$1:$BS$24,MATCH($A14,'Power Summary'!$A:$A,0), FALSE), "") | AJ14: 0.001 | AK14: =IFERROR(HLOOKUP(AJ$2,'Power Summary'!$B$1:$BS$24,MATCH($A14,'Power Summary'!$A:$A,0), FALSE), "") | AL14: 0.001 | AM14: =IFERROR(HLOOKUP(AL$2,'Power Summary'!$B$1:$BS$24,MATCH($A14,'Power Summary'!$A:$A,0), FALSE), "") | AN14: 0.001 | AO14: =IFERROR(HLOOKUP(AN$2,'Power Summary'!$B$1:$BS$24,MATCH($A14,'Power Summary'!$A:$A,0), FALSE), "") | AP14: 0.001 | AQ14: =IFERROR(HLOOKUP(AP$2,'Power Summary'!$B$1:$BS$24,MATCH($A14,'Power Summary'!$A:$A,0), FALSE), "") | AR14: 0.001 | AS14: =IFERROR(HLOOKUP(AR$2,'Power Summary'!$B$1:$BS$24,MATCH($A14,'Power Summary'!$A:$A,0), FALSE), "") | AT14: 0.001 | AU14: =IFERROR(HLOOKUP(AT$2,'Power Summary'!$B$1:$BS$24,MATCH($A14,'Power Summary'!$A:$A,0), FALSE), "") | AV14: 0.001 | AW14: =IFERROR(HLOOKUP(AV$2,'Power Summary'!$B$1:$BS$24,MATCH($A14,'Power Summary'!$A:$A,0), FALSE), "") | AX14: 0.001 | AY14: =IFERROR(HLOOKUP(AX$2,'Power Summary'!$B$1:$BS$24,MATCH($A14,'Power Summary'!$A:$A,0), FALSE), "") | AZ14: 0.001 | BA14: =IFERROR(HLOOKUP(AZ$2,'Power Summary'!$B$1:$BS$24,MATCH($A14,'Power Summary'!$A:$A,0), FALSE), "") | BB14: 0.001 | BC14: =IFERROR(HLOOKUP(BB$2,'Power Summary'!$B$1:$BS$24,MATCH($A14,'Power Summary'!$A:$A,0), FALSE), "")
A15: Sensors (mW) | B15: 3.5294118 | C15: =IFERROR(HLOOKUP(B$2,'Power Summary'!$B$1:$BS$24,MATCH($A15,'Power Summary'!$A:$A,0), FALSE), "") | D15: 3.5294118 | E15: =IFERROR(HLOOKUP(D$2,'Power Summary'!$B$1:$BS$24,MATCH($A15,'Power Summary'!$A:$A,0), FALSE), "") | F15: 3.5294118 | G15: =IFERROR(HLOOKUP(F$2,'Power Summary'!$B$1:$BS$24,MATCH($A15,'Power Summary'!$A:$A,0), FALSE), "") | H15: 3.5294118 | I15: =IFERROR(HLOOKUP(H$2,'Power Summary'!$B$1:$BS$24,MATCH($A15,'Power Summary'!$A:$A,0), FALSE), "") | J15: 3.5294118 | K15: =IFERROR(HLOOKUP(J$2,'Power Summary'!$B$1:$BS$24,MATCH($A15,'Power Summary'!$A:$A,0), FALSE), "") | L15: 3.5294118 | M15: =IFERROR(HLOOKUP(L$2,'Power Summary'!$B$1:$BS$24,MATCH($A15,'Power Summary'!$A:$A,0), FALSE), "") | N15: 3.5294118 | O15: =IFERROR(HLOOKUP(N$2,'Power Summary'!$B$1:$BS$24,MATCH($A15,'Power Summary'!$A:$A,0), FALSE), "") | P15: 3.5294118 | Q15: =IFERROR(HLOOKUP(P$2,'Power Summary'!$B$1:$BS$24,MATCH($A15,'Power Summary'!$A:$A,0), FALSE), "") | R15: 3.5294118 | S15: =IFERROR(HLOOKUP(R$2,'Power Summary'!$B$1:$BS$24,MATCH($A15,'Power Summary'!$A:$A,0), FALSE), "") | T15: 3.5294118 | U15: =IFERROR(HLOOKUP(T$2,'Power Summary'!$B$1:$BS$24,MATCH($A15,'Power Summary'!$A:$A,0), FALSE), "") | V15: 3.5294118 | W15: =IFERROR(HLOOKUP(V$2,'Power Summary'!$B$1:$BS$24,MATCH($A15,'Power Summary'!$A:$A,0), FALSE), "") | X15: 3.5294118 | Y15: =IFERROR(HLOOKUP(X$2,'Power Summary'!$B$1:$BS$24,MATCH($A15,'Power Summary'!$A:$A,0), FALSE), "") | Z15: 3.5294118 | AA15: =IFERROR(HLOOKUP(Z$2,'Power Summary'!$B$1:$BS$24,MATCH($A15,'Power Summary'!$A:$A,0), FALSE), "") | AB15: 3.5294118 | AC15: =IFERROR(HLOOKUP(AB$2,'Power Summary'!$B$1:$BS$24,MATCH($A15,'Power Summary'!$A:$A,0), FALSE), "") | AD15: 3.5294118 | AE15: =IFERROR(HLOOKUP(AD$2,'Power Summary'!$B$1:$BS$24,MATCH($A15,'Power Summary'!$A:$A,0), FALSE), "") | AF15: 4.7058824 | AG15: =IFERROR(HLOOKUP(AF$2,'Power Summary'!$B$1:$BS$24,MATCH($A15,'Power Summary'!$A:$A,0), FALSE), "") | AH15: 3.5294118 | AI15: =IFERROR(HLOOKUP(AH$2,'Power Summary'!$B$1:$BS$24,MATCH($A15,'Power Summary'!$A:$A,0), FALSE), "") | AJ15: 3.5294118 | AK15: =IFERROR(HLOOKUP(AJ$2,'Power Summary'!$B$1:$BS$24,MATCH($A15,'Power Summary'!$A:$A,0), FALSE), "") | AL15: 3.5294118 | AM15: =IFERROR(HLOOKUP(AL$2,'Power Summary'!$B$1:$BS$24,MATCH($A15,'Power Summary'!$A:$A,0), FALSE), "") | AN15: 3.5294118 | AO15: =IFERROR(HLOOKUP(AN$2,'Power Summary'!$B$1:$BS$24,MATCH($A15,'Power Summary'!$A:$A,0), FALSE), "") | AP15: 2.4167059 | AQ15: =IFERROR(HLOOKUP(AP$2,'Power Summary'!$B$1:$BS$24,MATCH($A15,'Power Summary'!$A:$A,0), FALSE), "") | AR15: 2.4167059 | AS15: =IFERROR(HLOOKUP(AR$2,'Power Summary'!$B$1:$BS$24,MATCH($A15,'Power Summary'!$A:$A,0), FALSE), "") | AT15: 2.4167059 | AU15: =IFERROR(HLOOKUP(AT$2,'Power Summary'!$B$1:$BS$24,MATCH($A15,'Power Summary'!$A:$A,0), FALSE), "") | AV15: 2.4167059 | AW15: =IFERROR(HLOOKUP(AV$2,'Power Summary'!$B$1:$BS$24,MATCH($A15,'Power Summary'!$A:$A,0), FALSE), "") | AX15: 2.4167059 | AY15: =IFERROR(HLOOKUP(AX$2,'Power Summary'!$B$1:$BS$24,MATCH($A15,'Power Summary'!$A:$A,0), FALSE), "") | AZ15: 3.5294118 | BA15: =IFERROR(HLOOKUP(AZ$2,'Power Summary'!$B$1:$BS$24,MATCH($A15,'Power Summary'!$A:$A,0), FALSE), "") | BB15: 3.5294118 | BC15: =IFERROR(HLOOKUP(BB$2,'Power Summary'!$B$1:$BS$24,MATCH($A15,'Power Summary'!$A:$A,0), FALSE), "")
... A17: WLC (mW) | B17: 0.0047058824 | C17: =IFERROR(HLOOKUP(B$2,'Power Summary'!$B$1:$BS$24,MATCH($A17,'Power Summary'!$A:$A,0), FALSE), "") | D17: 0.0047058824 | E17: =IFERROR(HLOOKUP(D$2,'Power Summary'!$B$1:$BS$24,MATCH($A17,'Power Summary'!$A:$A,0), FALSE), "") | F17: 0.0047058824 | G17: =IFERROR(HLOOKUP(F$2,'Power Summary'!$B$1:$BS$24,MATCH($A17,'Power Summary'!$A:$A,0), FALSE), "") | H17: 0.0047058824 | I17: =IFERROR(HLOOKUP(H$2,'Power Summary'!$B$1:$BS$24,MATCH($A17,'Power Summary'!$A:$A,0), FALSE), "") | J17: 0.0047058824 | K17: =IFERROR(HLOOKUP(J$2,'Power Summary'!$B$1:$BS$24,MATCH($A17,'Power Summary'!$A:$A,0), FALSE), "") | L17: 0.0047058824 | M17: =IFERROR(HLOOKUP(L$2,'Power Summary'!$B$1:$BS$24,MATCH($A17,'Power Summary'!$A:$A,0), FALSE), "") | N17: 0.0047058824 | O17: =IFERROR(HLOOKUP(N$2,'Power Summary'!$B$1:$BS$24,MATCH($A17,'Power Summary'!$A:$A,0), FALSE), "") | P17: 0.0047058824 | Q17: =IFERROR(HLOOKUP(P$2,'Power Summary'!$B$1:$BS$24,MATCH($A17,'Power Summary'!$A:$A,0), FALSE), "") | R17: 0.0047058824 | S17: =IFERROR(HLOOKUP(R$2,'Power Summary'!$B$1:$BS$24,MATCH($A17,'Power Summary'!$A:$A,0), FALSE), "") | T17: 0.0047058824 | U17: =IFERROR(HLOOKUP(T$2,'Power Summary'!$B$1:$BS$24,MATCH($A17,'Power Summary'!$A:$A,0), FALSE), "") | V17: 0.0047058824 | W17: =IFERROR(HLOOKUP(V$2,'Power Summary'!$B$1:$BS$24,MATCH($A17,'Power Summary'!$A:$A,0), FALSE), "") | X17: 0.0047058824 | Y17: =IFERROR(HLOOKUP(X$2,'Power Summary'!$B$1:$BS$24,MATCH($A17,'Power Summary'!$A:$A,0), FALSE), "") | Z17: 0.0047058824 | AA17: =IFERROR(HLOOKUP(Z$2,'Power Summary'!$B$1:$BS$24,MATCH($A17,'Power Summary'!$A:$A,0), FALSE), "") | AB17: 0.0047058824 | AC17: =IFERROR(HLOOKUP(AB$2,'Power Summary'!$B$1:$BS$24,MATCH($A17,'Power Summary'!$A:$A,0), FALSE), "") | AD17: 0.0047058824 | AE17: =IFERROR(HLOOKUP(AD$2,'Power Summary'!$B$1:$BS$24,MATCH($A17,'Power Summary'!$A:$A,0), FALSE), "") | AF17: 0.0047058824 | AG17: =IFERROR(HLOOKUP(AF$2,'Power Summary'!$B$1:$BS$24,MATCH($A17,'Power Summary'!$A:$A,0), FALSE), "") | AH17: 0.0047058824 | AI17: =IFERROR(HLOOKUP(AH$2,'Power Summary'!$B$1:$BS$24,MATCH($A17,'Power Summary'!$A:$A,0), FALSE), "") | AJ17: 0.0047058824 | AK17: =IFERROR(HLOOKUP(AJ$2,'Power Summary'!$B$1:$BS$24,MATCH($A17,'Power Summary'!$A:$A,0), FALSE), "") | AL17: 0.0047058824 | AM17: =IFERROR(HLOOKUP(AL$2,'Power Summary'!$B$1:$BS$24,MATCH($A17,'Power Summary'!$A:$A,0), FALSE), "") | AN17: 0.0047058824 | AO17: =IFERROR(HLOOKUP(AN$2,'Power Summary'!$B$1:$BS$24,MATCH($A17,'Power Summary'!$A:$A,0), FALSE), "") | AP17: 0.0047058824 | AQ17: =IFERROR(HLOOKUP(AP$2,'Power Summary'!$B$1:$BS$24,MATCH($A17,'Power Summary'!$A:$A,0), FALSE), "") | AR17: 0.0047058824 | AS17: =IFERROR(HLOOKUP(AR$2,'Power Summary'!$B$1:$BS$24,MATCH($A17,'Power Summary'!$A:$A,0), FALSE), "") | AT17: 0.0047058824 | AU17: =IFERROR(HLOOKUP(AT$2,'Power Summary'!$B$1:$BS$24,MATCH($A17,'Power Summary'!$A:$A,0), FALSE), "") | AV17: 0.0047058824 | AW17: =IFERROR(HLOOKUP(AV$2,'Power Summary'!$B$1:$BS$24,MATCH($A17,'Power Summary'!$A:$A,0), FALSE), "") | AX17: 0.0047058824 | AY17: =IFERROR(HLOOKUP(AX$2,'Power Summary'!$B$1:$BS$24,MATCH($A17,'Power Summary'!$A:$A,0), FALSE), "") | AZ17: 0.0047058824 | BA17: =IFERROR(HLOOKUP(AZ$2,'Power Summary'!$B$1:$BS$24,MATCH($A17,'Power Summary'!$A:$A,0), FALSE), "") | BB17: 0.0047058824 | BC17: =IFERROR(HLOOKUP(BB$2,'Power Summary'!$B$1:$BS$24,MATCH($A17,'Power Summary'!$A:$A,0), FALSE), "")
A18: RoP (mW) | B18: =B19-SUBTOTAL(109, B4:B17) -> 23.457549 | C18: =IFERROR(HLOOKUP(B$2,'Power Summary'!$B$1:$BS$24,MATCH($A18,'Power Summary'!$A:$A,0), FALSE), "") | D18: =D19-SUBTOTAL(109, D4:D17) -> 18.784929 | E18: =IFERROR(HLOOKUP(D$2,'Power Summary'!$B$1:$BS$24,MATCH($A18,'Power Summary'!$A:$A,0), FALSE), "") | F18: =F19-SUBTOTAL(109, F4:F17) -> 24.619082 | G18: =IFERROR(HLOOKUP(F$2,'Power Summary'!$B$1:$BS$24,MATCH($A18,'Power Summary'!$A:$A,0), FALSE), "") | H18: =H19-SUBTOTAL(109, H4:H17) -> 24.332449 | I18: =IFERROR(HLOOKUP(H$2,'Power Summary'!$B$1:$BS$24,MATCH($A18,'Power Summary'!$A:$A,0), FALSE), "") | J18: =J19-SUBTOTAL(109, J4:J17) -> 23.360849 | K18: =IFERROR(HLOOKUP(J$2,'Power Summary'!$B$1:$BS$24,MATCH($A18,'Power Summary'!$A:$A,0), FALSE), "") | L18: =L19-SUBTOTAL(109, L4:L17) -> 17.483843 | M18: =IFERROR(HLOOKUP(L$2,'Power Summary'!$B$1:$BS$24,MATCH($A18,'Power Summary'!$A:$A,0), FALSE), "") | N18: =N19-SUBTOTAL(109, N4:N17) -> 16.9988 | O18: =IFERROR(HLOOKUP(N$2,'Power Summary'!$B$1:$BS$24,MATCH($A18,'Power Summary'!$A:$A,0), FALSE), "") | P18: =P19-SUBTOTAL(109, P4:P17) -> 18.188691 | Q18: =IFERROR(HLOOKUP(P$2,'Power Summary'!$B$1:$BS$24,MATCH($A18,'Power Summary'!$A:$A,0), FALSE), "") | R18: =R19-SUBTOTAL(109, R4:R17) -> 17.566267 | S18: =IFERROR(HLOOKUP(R$2,'Power Summary'!$B$1:$BS$24,MATCH($A18,'Power Summary'!$A:$A,0), FALSE), "") | T18: =T19-SUBTOTAL(109, T4:T17) -> 21.535025 | U18: =IFERROR(HLOOKUP(T$2,'Power Summary'!$B$1:$BS$24,MATCH($A18,'Power Summary'!$A:$A,0), FALSE), "") | V18: =V19-SUBTOTAL(109, V4:V17) -> 19.852663 | W18: =IFERROR(HLOOKUP(V$2,'Power Summary'!$B$1:$BS$24,MATCH($A18,'Power Summary'!$A:$A,0), FALSE), "") | X18: =X19-SUBTOTAL(109, X4:X17) -> 19.852663 | Y18: =IFERROR(HLOOKUP(X$2,'Power Summary'!$B$1:$BS$24,MATCH($A18,'Power Summary'!$A:$A,0), FALSE), "") | Z18: =Z19-SUBTOTAL(109, Z4:Z17) -> 20.448527 | AA18: =IFERROR(HLOOKUP(Z$2,'Power Summary'!$B$1:$BS$24,MATCH($A18,'Power Summary'!$A:$A,0), FALSE), "") | AB18: =AB19-SUBTOTAL(109, AB4:AB17) -> 17.033095 | AC18: =IFERROR(HLOOKUP(AB$2,'Power Summary'!$B$1:$BS$24,MATCH($A18,'Power Summary'!$A:$A,0), FALSE), "") | AD18: =AD19-SUBTOTAL(109, AD4:AD17) -> 18.352807 | AE18: =IFERROR(HLOOKUP(AD$2,'Power Summary'!$B$1:$BS$24,MATCH($A18,'Power Summary'!$A:$A,0), FALSE), "") | AF18: =AF19-SUBTOTAL(109, AF4:AF17) -> 1.7474044 | AG18: =IFERROR(HLOOKUP(AF$2,'Power Summary'!$B$1:$BS$24,MATCH($A18,'Power Summary'!$A:$A,0), FALSE), "") | AH18: =AH19-SUBTOTAL(109, AH4:AH17) -> 18.753505 | AI18: =IFERROR(HLOOKUP(AH$2,'Power Summary'!$B$1:$BS$24,MATCH($A18,'Power Summary'!$A:$A,0), FALSE), "") | AJ18: =AJ19-SUBTOTAL(109, AJ4:AJ17) -> 18.53921 | AK18: =IFERROR(HLOOKUP(AJ$2,'Power Summary'!$B$1:$BS$24,MATCH($A18,'Power Summary'!$A:$A,0), FALSE), "") | AL18: =AL19-SUBTOTAL(109, AL4:AL17) -> 18.753505 | AM18: =IFERROR(HLOOKUP(AL$2,'Power Summary'!$B$1:$BS$24,MATCH($A18,'Power Summary'!$A:$A,0), FALSE), "") | AN18: =AN19-SUBTOTAL(109, AN4:AN17) -> 25.636239 | AO18: =IFERROR(HLOOKUP(AN$2,'Power Summary'!$B$1:$BS$24,MATCH($A18,'Power Summary'!$A:$A,0), FALSE), "") | AP18: =AP19-SUBTOTAL(109, AP4:AP17) -> 12.448258 | AQ18: =IFERROR(HLOOKUP(AP$2,'Power Summary'!$B$1:$BS$24,MATCH($A18,'Power Summary'!$A:$A,0), FALSE), "") | AR18: =AR19-SUBTOTAL(109, AR4:AR17) -> 12.447662 | AS18: =IFERROR(HLOOKUP(AR$2,'Power Summary'!$B$1:$BS$24,MATCH($A18,'Power Summary'!$A:$A,0), FALSE), "") | AT18: =AT19-SUBTOTAL(109, AT4:AT17) -> 12.447154 | AU18: =IFERROR(HLOOKUP(AT$2,'Power Summary'!$B$1:$BS$24,MATCH($A18,'Power Summary'!$A:$A,0), FALSE), "") | AV18: =AV19-SUBTOTAL(109, AV4:AV17) -> 12.44788 | AW18: =IFERROR(HLOOKUP(AV$2,'Power Summary'!$B$1:$BS$24,MATCH($A18,'Power Summary'!$A:$A,0), FALSE), "") | AX18: =AX19-SUBTOTAL(109, AX4:AX17) -> 12.446176 | AY18: =IFERROR(HLOOKUP(AX$2,'Power Summary'!$B$1:$BS$24,MATCH($A18,'Power Summary'!$A:$A,0), FALSE), "") | AZ18: =AZ19-SUBTOTAL(109, AZ4:AZ17) -> 503.70162 | BA18: =IFERROR(HLOOKUP(AZ$2,'Power Summary'!$B$1:$BS$24,MATCH($A18,'Power Summary'!$A:$A,0), FALSE), "") | BB18: =BB19-SUBTOTAL(109, BB4:BB17) -> 503.70162 | BC18: =IFERROR(HLOOKUP(BB$2,'Power Summary'!$B$1:$BS$24,MATCH($A18,'Power Summary'!$A:$A,0), FALSE), "")
A19: Total Power (mW) | B19: 2168.3764 | C19: =IFERROR(HLOOKUP(B$2,'Power Summary'!$B$1:$BS$24,MATCH($A19,'Power Summary'!$A:$A,0), FALSE), "") | D19: 1304.4838 | E19: =IFERROR(HLOOKUP(D$2,'Power Summary'!$B$1:$BS$24,MATCH($A19,'Power Summary'!$A:$A,0), FALSE), "") | F19: 2298.5757 | G19: =IFERROR(HLOOKUP(F$2,'Power Summary'!$B$1:$BS$24,MATCH($A19,'Power Summary'!$A:$A,0), FALSE), "") | H19: 2668.8772 | I19: =IFERROR(HLOOKUP(H$2,'Power Summary'!$B$1:$BS$24,MATCH($A19,'Power Summary'!$A:$A,0), FALSE), "") | J19: 2477.6112 | K19: =IFERROR(HLOOKUP(J$2,'Power Summary'!$B$1:$BS$24,MATCH($A19,'Power Summary'!$A:$A,0), FALSE), "") | L19: 817.30031 | M19: =IFERROR(HLOOKUP(L$2,'Power Summary'!$B$1:$BS$24,MATCH($A19,'Power Summary'!$A:$A,0), FALSE), "") | N19: 543.72295 | O19: =IFERROR(HLOOKUP(N$2,'Power Summary'!$B$1:$BS$24,MATCH($A19,'Power Summary'!$A:$A,0), FALSE), "") | P19: 1149.7405 | Q19: =IFERROR(HLOOKUP(P$2,'Power Summary'!$B$1:$BS$24,MATCH($A19,'Power Summary'!$A:$A,0), FALSE), "") | R19: 918.67277 | S19: =IFERROR(HLOOKUP(R$2,'Power Summary'!$B$1:$BS$24,MATCH($A19,'Power Summary'!$A:$A,0), FALSE), "") | T19: 1298.2927 | U19: =IFERROR(HLOOKUP(T$2,'Power Summary'!$B$1:$BS$24,MATCH($A19,'Power Summary'!$A:$A,0), FALSE), "") | V19: 1025.1397 | W19: =IFERROR(HLOOKUP(V$2,'Power Summary'!$B$1:$BS$24,MATCH($A19,'Power Summary'!$A:$A,0), FALSE), "") | X19: 1456.3162 | Y19: =IFERROR(HLOOKUP(X$2,'Power Summary'!$B$1:$BS$24,MATCH($A19,'Power Summary'!$A:$A,0), FALSE), "") | Z19: 1674.9556 | AA19: =IFERROR(HLOOKUP(Z$2,'Power Summary'!$B$1:$BS$24,MATCH($A19,'Power Summary'!$A:$A,0), FALSE), "") | AB19: 573.56839 | AC19: =IFERROR(HLOOKUP(AB$2,'Power Summary'!$B$1:$BS$24,MATCH($A19,'Power Summary'!$A:$A,0), FALSE), "") | AD19: 1212.4775 | AE19: =IFERROR(HLOOKUP(AD$2,'Power Summary'!$B$1:$BS$24,MATCH($A19,'Power Summary'!$A:$A,0), FALSE), "") | AF19: 1733.7462 | AG19: =IFERROR(HLOOKUP(AF$2,'Power Summary'!$B$1:$BS$24,MATCH($A19,'Power Summary'!$A:$A,0), FALSE), "") | AH19: 1057.0347 | AI19: =IFERROR(HLOOKUP(AH$2,'Power Summary'!$B$1:$BS$24,MATCH($A19,'Power Summary'!$A:$A,0), FALSE), "") | AJ19: 954.42039 | AK19: =IFERROR(HLOOKUP(AJ$2,'Power Summary'!$B$1:$BS$24,MATCH($A19,'Power Summary'!$A:$A,0), FALSE), "") | AL19: 644.21504 | AM19: =IFERROR(HLOOKUP(AL$2,'Power Summary'!$B$1:$BS$24,MATCH($A19,'Power Summary'!$A:$A,0), FALSE), "") | AN19: 1692.8621 | AO19: =IFERROR(HLOOKUP(AN$2,'Power Summary'!$B$1:$BS$24,MATCH($A19,'Power Summary'!$A:$A,0), FALSE), "") | AP19: 65.877647 | AQ19: =IFERROR(HLOOKUP(AP$2,'Power Summary'!$B$1:$BS$24,MATCH($A19,'Power Summary'!$A:$A,0), FALSE), "") | AR19: 60.577051 | AS19: =IFERROR(HLOOKUP(AR$2,'Power Summary'!$B$1:$BS$24,MATCH($A19,'Power Summary'!$A:$A,0), FALSE), "") | AT19: 55.576543 | AU19: =IFERROR(HLOOKUP(AT$2,'Power Summary'!$B$1:$BS$24,MATCH($A19,'Power Summary'!$A:$A,0), FALSE), "") | AV19: 62.577269 | AW19: =IFERROR(HLOOKUP(AV$2,'Power Summary'!$B$1:$BS$24,MATCH($A19,'Power Summary'!$A:$A,0), FALSE), "") | AX19: 43.928507 | AY19: =IFERROR(HLOOKUP(AX$2,'Power Summary'!$B$1:$BS$24,MATCH($A19,'Power Summary'!$A:$A,0), FALSE), "") | AZ19: 2789.3852 | BA19: =IFERROR(HLOOKUP(AZ$2,'Power Summary'!$B$1:$BS$24,MATCH($A19,'Power Summary'!$A:$A,0), FALSE), "") | BB19: 3897.2146 | BC19: =IFERROR(HLOOKUP(BB$2,'Power Summary'!$B$1:$BS$24,MATCH($A19,'Power Summary'!$A:$A,0), FALSE), "")
A20: Record Time (Min) | B20: 10 | C20: =IFERROR(HLOOKUP(B$2,'Power Summary'!$B$1:$BS$24,MATCH($A20,'Power Summary'!$A:$A,0), FALSE), "") | D20: 20 | E20: =IFERROR(HLOOKUP(D$2,'Power Summary'!$B$1:$BS$24,MATCH($A20,'Power Summary'!$A:$A,0), FALSE), "") | F20: 10 | G20: =IFERROR(HLOOKUP(F$2,'Power Summary'!$B$1:$BS$24,MATCH($A20,'Power Summary'!$A:$A,0), FALSE), "") | H20: 20 | I20: =IFERROR(HLOOKUP(H$2,'Power Summary'!$B$1:$BS$24,MATCH($A20,'Power Summary'!$A:$A,0), FALSE), "") | J20: 10 | K20: =IFERROR(HLOOKUP(J$2,'Power Summary'!$B$1:$BS$24,MATCH($A20,'Power Summary'!$A:$A,0), FALSE), "") | L20: 20 | M20: =IFERROR(HLOOKUP(L$2,'Power Summary'!$B$1:$BS$24,MATCH($A20,'Power Summary'!$A:$A,0), FALSE), "") | N20: 10 | O20: =IFERROR(HLOOKUP(N$2,'Power Summary'!$B$1:$BS$24,MATCH($A20,'Power Summary'!$A:$A,0), FALSE), "") | P20: 20 | Q20: =IFERROR(HLOOKUP(P$2,'Power Summary'!$B$1:$BS$24,MATCH($A20,'Power Summary'!$A:$A,0), FALSE), "") | R20: 10 | S20: =IFERROR(HLOOKUP(R$2,'Power Summary'!$B$1:$BS$24,MATCH($A20,'Power Summary'!$A:$A,0), FALSE), "") | T20: 20 | U20: =IFERROR(HLOOKUP(T$2,'Power Summary'!$B$1:$BS$24,MATCH($A20,'Power Summary'!$A:$A,0), FALSE), "") | W20: =IFERROR(HLOOKUP(V$2,'Power Summary'!$B$1:$BS$24,MATCH($A20,'Power Summary'!$A:$A,0), FALSE), "") | Y20: =IFERROR(HLOOKUP(X$2,'Power Summary'!$B$1:$BS$24,MATCH($A20,'Power Summary'!$A:$A,0), FALSE), "") | Z20: 10 | AA20: =IFERROR(HLOOKUP(Z$2,'Power Summary'!$B$1:$BS$24,MATCH($A20,'Power Summary'!$A:$A,0), FALSE), "") | AB20: 20 | AC20: =IFERROR(HLOOKUP(AB$2,'Power Summary'!$B$1:$BS$24,MATCH($A20,'Power Summary'!$A:$A,0), FALSE), "") | AD20: 10 | AE20: =IFERROR(HLOOKUP(AD$2,'Power Summary'!$B$1:$BS$24,MATCH($A20,'Power Summary'!$A:$A,0), FALSE), "") | AF20: 20 | AG20: =IFERROR(HLOOKUP(AF$2,'Power Summary'!$B$1:$BS$24,MATCH($A20,'Power Summary'!$A:$A,0), FALSE), "") | AH20: 10 | AI20: =IFERROR(HLOOKUP(AH$2,'Power Summary'!$B$1:$BS$24,MATCH($A20,'Power Summary'!$A:$A,0), FALSE), "") | AJ20: 20 | AK20: =IFERROR(HLOOKUP(AJ$2,'Power Summary'!$B$1:$BS$24,MATCH($A20,'Power Summary'!$A:$A,0), FALSE), "") | AL20: 10 | AM20: =IFERROR(HLOOKUP(AL$2,'Power Summary'!$B$1:$BS$24,MATCH($A20,'Power Summary'!$A:$A,0), FALSE), "") | AN20: 20 | AO20: =IFERROR(HLOOKUP(AN$2,'Power Summary'!$B$1:$BS$24,MATCH($A20,'Power Summary'!$A:$A,0), FALSE), "") | AP20: 10 | AQ20: =IFERROR(HLOOKUP(AP$2,'Power Summary'!$B$1:$BS$24,MATCH($A20,'Power Summary'!$A:$A,0), FALSE), "") | AR20: 10 | AS20: =IFERROR(HLOOKUP(AR$2,'Power Summary'!$B$1:$BS$24,MATCH($A20,'Power Summary'!$A:$A,0), FALSE), "") | AT20: 20 | AU20: =IFERROR(HLOOKUP(AT$2,'Power Summary'!$B$1:$BS$24,MATCH($A20,'Power Summary'!$A:$A,0), FALSE), "") | AV20: 10 | AW20: =IFERROR(HLOOKUP(AV$2,'Power Summary'!$B$1:$BS$24,MATCH($A20,'Power Summary'!$A:$A,0), FALSE), "") | AX20: 20 | AY20: =IFERROR(HLOOKUP(AX$2,'Power Summary'!$B$1:$BS$24,MATCH($A20,'Power Summary'!$A:$A,0), FALSE), "") | AZ20: 10 | BA20: =IFERROR(HLOOKUP(AZ$2,'Power Summary'!$B$1:$BS$24,MATCH($A20,'Power Summary'!$A:$A,0), FALSE), "") | BB20: 20 | BC20: =IFERROR(HLOOKUP(BB$2,'Power Summary'!$B$1:$BS$24,MATCH($A20,'Power Summary'!$A:$A,0), FALSE), "")
A21: Life (hrs) | B21: =IF(B$19<>0, 1000*Variable_Battery_Available/B19,0) -> 6.2549104 | C21: =IFERROR(IF(C$19<>0, 1000*Variable_Battery_Available/C19,0),"") | D21: =IF(D$19<>0, 1000*Variable_Battery_Available/D19,0) -> 10.397217 | E21: =IFERROR(IF(E$19<>0, 1000*Variable_Battery_Available/E19,0),"") | F21: =IF(F$19<>0, 1000*Variable_Battery_Available/F19,0) -> 5.9006106 | G21: =IFERROR(IF(G$19<>0, 1000*Variable_Battery_Available/G19,0),"") | H21: =IF(H$19<>0, 1000*Variable_Battery_Available/H19,0) -> 5.0819124 | I21: =IFERROR(IF(I$19<>0, 1000*Variable_Battery_Available/I19,0),"") | J21: =IF(J$19<>0, 1000*Variable_Battery_Available/J19,0) -> 5.4742246 | K21: =IFERROR(IF(K$19<>0, 1000*Variable_Battery_Available/K19,0),"") | L21: =IF(L$19<>0, 1000*Variable_Battery_Available/L19,0) -> 16.594879 | M21: =IFERROR(IF(M$19<>0, 1000*Variable_Battery_Available/M19,0),"") | N21: =IF(N$19<>0, 1000*Variable_Battery_Available/N19,0) -> 24.944689 | O21: =IFERROR(IF(O$19<>0, 1000*Variable_Battery_Available/O19,0),"") | P21: =IF(P$19<>0, 1000*Variable_Battery_Available/P19,0) -> 11.796575 | Q21: =IFERROR(IF(Q$19<>0, 1000*Variable_Battery_Available/Q19,0),"") | R21: =IF(R$19<>0, 1000*Variable_Battery_Available/R19,0) -> 14.76369 | S21: =IFERROR(IF(S$19<>0, 1000*Variable_Battery_Available/S19,0),"") | T21: =IF(T$19<>0, 1000*Variable_Battery_Available/T19,0) -> 10.446797 | U21: =IFERROR(IF(U$19<>0, 1000*Variable_Battery_Available/U19,0),"") | W21: =IFERROR(IF(W$19<>0, 1000*Variable_Battery_Available/W19,0),"") | Y21: =IFERROR(IF(Y$19<>0, 1000*Variable_Battery_Available/Y19,0),"") | Z21: =IF(Z$19<>0, 1000*Variable_Battery_Available/Z19,0) -> 8.0975281 | AA21: =IFERROR(IF(AA$19<>0, 1000*Variable_Battery_Available/AA19,0),"") | AB21: =IF(AB$19<>0, 1000*Variable_Battery_Available/AB19,0) -> 23.646701 | AC21: =IFERROR(IF(AC$19<>0, 1000*Variable_Battery_Available/AC19,0),"") | AD21: =IF(AD$19<>0, 1000*Variable_Battery_Available/AD19,0) -> 11.186187 | AE21: =IFERROR(IF(AE$19<>0, 1000*Variable_Battery_Available/AE19,0),"") | AF21: =IF(AF$19<>0, 1000*Variable_Battery_Available/AF19,0) -> 7.8229442 | AG21: =IFERROR(IF(AG$19<>0, 1000*Variable_Battery_Available/AG19,0),"") | AH21: =IF(AH$19<>0, 1000*Variable_Battery_Available/AH19,0) -> 12.831178 | AI21: =IFERROR(IF(AI$19<>0, 1000*Variable_Battery_Available/AI19,0),"") | AJ21: =IF(AJ$19<>0, 1000*Variable_Battery_Available/AJ19,0) -> 14.210719 | AK21: =IFERROR(IF(AK$19<>0, 1000*Variable_Battery_Available/AK19,0),"") | AL21: =IF(AL$19<>0, 1000*Variable_Battery_Available/AL19,0) -> 21.053529 | AM21: =IFERROR(IF(AM$19<>0, 1000*Variable_Battery_Available/AM19,0),"") | AN21: =IF(AN$19<>0, 1000*Variable_Battery_Available/AN19,0) -> 8.0118752 | AO21: =IFERROR(IF(AO$19<>0, 1000*Variable_Battery_Available/AO19,0),"") | AP21: =IF(AP$19<>0, 1000*Variable_Battery_Available/AP19,0) -> 205.88167 | AQ21: =IFERROR(IF(AQ$19<>0, 1000*Variable_Battery_Available/AQ19,0),"") | AR21: =IF(AR$19<>0, 1000*Variable_Battery_Available/AR19,0) -> 223.89667 | AS21: =IFERROR(IF(AS$19<>0, 1000*Variable_Battery_Available/AS19,0),"") | AT21: =IF(AT$19<>0, 1000*Variable_Battery_Available/AT19,0) -> 244.04181 | AU21: =IFERROR(IF(AU$19<>0, 1000*Variable_Battery_Available/AU19,0),"") | AV21: =IF(AV$19<>0, 1000*Variable_Battery_Available/AV19,0) -> 216.74004 | AW21: =IFERROR(IF(AW$19<>0, 1000*Variable_Battery_Available/AW19,0),"") | AX21: =IF(AX$19<>0, 1000*Variable_Battery_Available/AX19,0) -> 308.75167 | AY21: =IFERROR(IF(AY$19<>0, 1000*Variable_Battery_Available/AY19,0),"") | AZ21: =IF(AZ$19<>0, 1000*Variable_Battery_Available/AZ19,0) -> 4.8623619 | BA21: =IFERROR(IF(BA$19<>0, 1000*Variable_Battery_Available/BA19,0),"") | BB21: =IF(BB$19<>0, 1000*Variable_Battery_Available/BB19,0) -> 3.4801779 | BC21: =IFERROR(IF(BC$19<>0, 1000*Variable_Battery_Available/BC19,0),"")

Sheet Config

Sheet Power Summary
A1: Metric
A2: SoC (mW)
A3: Memory (mW)
A4: Display (mW)
A5: Audio (mW)
A6: Touch (mW)
A7: Storage (mW)
A8: Camera (mW)
A9: Cellular (mW)
A10: WiFiBT (mW)
A11: Sensors (mW)
A12: RoP (mW)
... A102: Display Off (Pwr Gated)
